,PriceUpdateDate,ItemCode,ItemType,ItemName,ManufacturerName,ManufactureCountry,ManufacturerItemDescription,UnitQty,Quantity,UnitOfMeasure,bIsWeighted,QtyInPackage,ItemPrice,UnitOfMeasurePrice,AllowDiscount,ItemStatus,ItemId
0,2015-07-28 16:30:45,72940754,1,מילקי בטעם וניל,שטראוס גרופ,ישראל,שטראוס,גרמים,134.00,100 גרם,0,לא ידוע,2.80,0.0209,1,1,15439
1,2015-07-28 16:30:45,72993637,1,דני שוקולד,שטראוס גרופ,ישראל,שטראוס,גרמים,125.00,100 גרם,0,לא ידוע,2.60,0.0208,1,1,15450
2,2015-07-28 16:32:26,7290015324069,1,גריל עוף שקית 80 גרם,"תבליני טעם וריח בע""מ",ישראל,"תבליני טעם וריח בע""מ",גרמים,80.00,100 גרם,0,לא ידוע,4.90,0.0613,1,1,20660
3,2015-07-28 16:32:40,7290011514525,1,דבק דו צדדי,לא ידוע,כללי,דבק דו צדדי,יח',1.00,יח',0,לא ידוע,5.90,5.9000,1,1,21807
4,2015-10-09 08:35:28,7290000318929,1,סלמי בנוסח צרפתי,מעדני יחיעם,ישראל,יחיעם,קילוגרמים,1.00,"ק""ג",1,לא ידוע,139.00,139.0000,1,1,2621
5,2015-11-15 12:32:53,7296021004711,1,שקית זילוף לעוגה,לא ידוע,לא ידוע,שקית זילוף לעוגה,יח',1.00,יח',0,לא ידוע,12.90,12.9000,1,1,709
6,2015-11-16 10:54:54,6931191500571,1,קרש חיתוך פלסטיק,לא ידוע,לא ידוע,קרש חיתוך פלסטיק,יח',1.00,יח',0,לא ידוע,14.90,14.9000,1,1,21722
7,2015-11-16 10:55:05,6985425120684,1,מסננת גדולה,לא ידוע,לא ידוע,מסננת גדולה,יח',1.00,יח',0,לא ידוע,13.90,13.9000,1,1,21773
8,2015-11-16 10:55:11,7290011514075,1,סט תפירה קטן,לא ידוע,כללי,סט תפירה קטן,יח',1.00,יח',0,לא ידוע,9.90,9.9000,1,1,21794
9,2015-11-16 13:04:21,7290105101013,1,נעלי אצבע,יושימין,סין,tomi,יח',1.00,יח',0,לא ידוע,9.90,9.9000,1,1,7631
10,2015-11-16 13:05:22,7290107594455,1,מטען רכב אנדרואיד,לא ידוע,לא ידוע,מטען רכב אנדרואיד,יח',1.00,יח',0,לא ידוע,24.90,24.9000,1,1,22163
11,2015-11-16 13:05:32,7290107595995,1,מטען שקע מצת לרכב,לא ידוע,לא ידוע,מטען שקע מצת לרכב,יח',1.00,יח',0,לא ידוע,24.90,24.9000,1,1,22191
12,2015-11-23 12:36:59,7290014217201,1,סומק 45  גרם מיכל קט,"תבליני טעם וריח בע""מ",ישראל,"תבליני טעם וריח בע""מ",גרמים,45.00,100 גרם,0,לא ידוע,4.90,0.1089,1,1,24488
13,2015-12-08 08:56:35,7296021406812,1,תבנית מאפינס 33*25 ס,C H U,סין,תבנית מאפינס 33*25 ס,יח',1.00,יח',0,לא ידוע,49.90,49.9000,1,1,24688
14,2015-12-30 11:46:47,7290107280099,1,מגבוני טואלט סנו סופ,דגיל,ישראל,סנו סופט,יח',144.00,יח',0,לא ידוע,14.90,0.1035,1,1,9659
15,2016-01-04 10:21:14,7290011378233,1,"לל""ס מאגדת 6 יחידות",רושדי תעשיות מזון,ישראל,"לל""ס מאגדת 6 יחידות חטיף",יח',6.00,יח',0,לא ידוע,10.90,1.8167,1,1,16299
16,2016-01-17 11:21:18,7290104960239,1,סבון ארומה 750 מל,"אמיליה קוסמטיקס בע""מ",ישראל,נקה 7,מיליליטרים,750.00,"100 מ""ל",0,לא ידוע,9.90,0.0132,1,1,9606
17,2016-01-17 11:21:19,7290104960338,1,סבון ארומה 750 מל,"אמיליה קוסמטיקס בע""מ",ישראל,נקה 7,מיליליטרים,750.00,"100 מ""ל",0,לא ידוע,9.90,0.0132,1,1,9609
18,2016-01-17 11:21:20,7290104960352,1,סבון ארומה 750 מל,"אמיליה קוסמטיקס בע""מ",ישראל,נקה 7,מיליליטרים,750.00,"100 מ""ל",0,לא ידוע,9.90,0.0132,1,1,9611
19,2016-02-01 10:03:43,7290013269638,1,ספוג הפלא סנו סושי,U.F.O.,ארצות הברית,סנו סושי,יח',6.00,יח',0,לא ידוע,9.90,1.6500,1,1,9516
20,2016-02-21 13:27:30,7290104961250,1,נקה 7 תחליב רחצה 750,"אמיליה קוסמטיקס בע""מ",ישראל,נקה 7,מיליליטרים,750.00,"100 מ""ל",0,לא ידוע,9.90,0.0132,1,1,9617
21,2016-02-24 08:34:05,7290000400709,1,צוואר טלה טרי,משתנה,ישראל,צוואר טלה גורמה,קילוגרמים,1.00,"ק""ג",1,לא ידוע,79.90,79.9000,1,1,23919
22,2016-03-01 12:39:57,3179732348913,1,מים מינרליים פרייה 1,ברקן סגל,צרפת,פרייה,ליטרים,1.00,ליטר    ,0,לא ידוע,8.90,8.9000,1,1,25744
23,2016-04-03 12:53:13,7290013645371,1,עוגיות שוקלד צ'יפס,"מוצרי הכט בע""מ",ישראל,GFREE,גרמים,200.00,100 גרם,0,לא ידוע,14.90,0.0745,1,1,26745
24,2016-04-12 08:28:50,4891228430085,1,שיק אקסטרים 3 קומפור,Schick,סין,שיק,יח',4.00,יח',0,לא ידוע,14.90,3.7250,1,1,18620
25,2016-05-01 10:06:51,7290104962080,1,"ספריי טיטניום 150 מ""","אמיליה קוסמטיקס בע""מ",ישראל,טיטניום,מיליליטרים,150.00,"100 מ""ל",0,לא ידוע,9.90,0.0660,1,1,9633
26,2016-05-15 11:55:53,7290106520905,1,סלט טורקי  400 גרם,שטראוס גרופ,ישראל,שטראוס,גרמים,400.00,100 גרם,0,לא ידוע,14.90,0.0373,1,1,15627
27,2016-08-01 13:59:50,8005200516520,1,נסטי דיאט אפרסק 1.5,סן-פלגרינו,איטליה,NESTEA,ליטרים,1.50,ליטר    ,0,לא ידוע,5.50,3.6667,1,1,4945
28,2016-08-01 13:59:50,8005200536528,1,נסטי בטעם מנגו אננס,סן-פלגרינו,איטליה,NESTEA,ליטרים,1.50,ליטר    ,0,לא ידוע,5.50,3.6667,1,1,4946
29,2016-08-07 12:36:49,839762000658,1,משקה איילנד גויאבה,The Egyptian Co. for,מצרים,איילנד,ליטרים,1.00,ליטר    ,0,לא ידוע,9.90,9.9000,1,1,3781
30,2016-08-09 12:10:53,4000417026002,1,שוקולד ריטר פרלין,ריטר ספורט,גרמניה,ריטר ספורט,גרמים,100.00,100 גרם,0,לא ידוע,7.90,0.0790,1,1,12104
31,2016-09-01 13:15:30,7290014791091,1,שוופס מוגז למונייד,לא ידוע,לא ידוע,שוופס מוגז למונייד,מיליליטרים,500.00,"100 מ""ל",0,לא ידוע,5.00,0.0100,1,1,26311
32,2016-10-25 10:38:57,7290011987466,1,סלמון פרוס 200 גרם,אס.פי.פיש האוס,ישראל,אס.פי.פיש האוס,גרמים,200.00,100 גרם,0,לא ידוע,36.90,0.1845,1,1,18445
33,2017-05-01 08:53:28,7290107941259,1,עדשים ירוקות מבושלות,הורקסה לס לגונס דה ס,ספרד,טעם הטבע,גרמים,475.00,100 גרם,0,לא ידוע,10.90,0.0229,1,1,30372
34,2017-05-01 08:53:29,7290107941273,1,חומוס מבושל 475 גרם,הורקסה לס לגונס דה ס,ספרד,טעם  הטבע,גרמים,475.00,100 גרם,0,לא ידוע,10.90,0.0229,1,1,30384
35,2017-05-08 14:19:33,7290014217065,1,אורגנו 30 גרם מיכל ג,"תבליני טעם וריח בע""מ",ישראל,"תבליני טעם וריח בע""מ",גרמים,30.00,100 גרם,0,לא ידוע,7.90,0.2633,1,1,20641
36,2017-05-08 14:19:37,7290014217225,1,גריל עוף 120 גרם מיכ,"תבליני טעם וריח בע""מ",ישראל,"תבליני טעם וריח בע""מ",גרמים,120.00,100 גרם,0,לא ידוע,8.90,0.0742,1,1,20649
37,2017-05-08 14:50:00,7290015282338,1,מטבוחה 300גרם,"סלטי שמיר 2006 בע""מ",ישראל,סלטי שמיר,גרמים,300.00,100 גרם,0,לא ידוע,7.90,0.0263,1,1,16133
38,2017-05-09 13:54:23,7290012117428,1,גל רחצה לגבר קרמה,קוסמופארם,ישראל,קרמה מן,מיליליטרים,700.00,"100 מ""ל",0,לא ידוע,14.90,0.0213,1,1,9428
39,2017-05-09 13:54:29,7290013848383,1,גל רחצה לגבר קרמה,קוסמופארם,ישראל,קרמה,מיליליטרים,700.00,"100 מ""ל",0,לא ידוע,14.90,0.0213,1,1,9528
40,2017-05-17 14:18:17,7290014217348,1,צילי כתוש 70 גרם מיכ,"תבליני טעם וריח בע""מ",ישראל,"תבליני טעם וריח בע""מ",גרמים,70.00,100 גרם,0,לא ידוע,9.90,0.1414,1,1,20652
41,2017-06-07 14:31:25,3574660115154,1,אובה קלאסי סופר 32,Johnson Toilet-IT,יוון,אובה,יח',32.00,יח',0,לא ידוע,22.90,0.7156,1,1,18573
42,2017-06-28 15:32:16,835811008941,1,סכינים 50 יח`שקוף  ע,"גרנג יוניברס , הונג",תורכיה,הנמל,יח',50.00,יח',0,לא ידוע,6.90,0.1380,1,1,9847
43,2017-07-03 17:47:59,7290014758308,1,יוגורט עיזים בגביע 1,תנובה,ישראל,פיראוס,מיליליטרים,150.00,"100 מ""ל",0,לא ידוע,5.50,0.0367,1,1,17781
44,2017-07-16 07:51:38,7290011133252,1,רביעיית סודה למון לי,טמפו,ישראל,למון ליים,ליטרים,1.50,ליטר    ,0,לא ידוע,9.90,6.6000,1,1,23690
45,2017-07-25 16:00:03,40267623,1,דבק UHU,לא ידוע,לא ידוע,דבק UHU,יח',1.00,יח',0,לא ידוע,9.90,9.9000,1,1,33026
46,2017-08-24 13:16:20,7290011800642,1,צבר מטבוחה מרוקאית 4,צבר,ישראל,סלטי צבר,גרמים,400.00,100 גרם,0,לא ידוע,14.90,0.0373,1,1,4450
47,2017-08-24 13:16:21,7290011800703,1,צבר פלפלים מרוקאים 4,צבר,ישראל,סלטי צבר,גרמים,400.00,100 גרם,0,לא ידוע,14.90,0.0373,1,1,4451
48,2017-08-24 13:16:21,7290011800826,1,צבר חציל בטחינה רפי,צבר,ישראל,סלטי צבר,גרמים,400.00,100 גרם,0,לא ידוע,14.90,0.0373,1,1,4452
49,2017-08-24 13:16:21,7290011800840,1,צבר טחינה בלאדי רפי,צבר,ישראל,סלטי צבר,גרמים,400.00,100 גרם,0,לא ידוע,14.90,0.0373,1,1,4453
50,2017-08-24 13:16:27,7290106577572,1,סלט מטבוחה צבר 400 ג,צבר,ישראל,סלטי צבר,גרמים,400.00,100 גרם,0,לא ידוע,11.90,0.0298,1,1,4778
51,2017-10-30 13:04:13,6112015100720,1,מברשת ידנית,לא ידוע,לא ידוע,מברשת ידנית,יח',1.00,יח',0,לא ידוע,9.90,9.9000,1,1,34173
52,2017-11-21 16:42:18,7290014017047,1,קמח חומוס,לא ידוע,ישראל,קמח חומוס,גרמים,500.00,100 גרם,0,לא ידוע,12.90,0.0258,1,1,34544
53,2017-11-29 12:41:06,8000215204264,1,ויטריז משקה אישי אור,אלינור,איטליה,ויטריז משקה אישי אור,מיליליטרים,200.00,"100 מ""ל",0,לא ידוע,3.90,0.0195,1,1,34768
54,2017-11-30 14:10:08,7290013677839,1,בורגול 1 קג,"מיה תעשיות מזון בע""מ",ישראל,מיה,קילוגרמים,1.00,"ק""ג     ",0,לא ידוע,6.90,6.9000,1,1,12468
55,2018-01-03 14:12:44,7290108351491,1,אבקת סנו אוקסיג'ן 72,סנו,ישראל,אבקת סנו אוקסיג'ן 72,גרמים,720.00,100 גרם,0,לא ידוע,14.90,0.0207,1,1,31034
56,2018-01-03 14:12:45,7290108352702,1,מגבוני טואלט לחים של,סנו,ישראל,מגבוני טואלט לחים של,יח',3.00,יח',0,לא ידוע,14.90,4.9667,1,1,27817
57,2018-01-24 07:55:34,7290107280167,1,קרמה רחצה 750,קוסמופארם,ישראל,קרמה,מיליליטרים,750.00,"100 מ""ל",0,לא ידוע,14.90,0.0199,1,1,9663
58,2018-02-05 12:07:15,8901138500306,1,משחת שיניים 100 גרם,הימלאיה,הודו,הימלאיה,גרמים,100.00,100 גרם,0,לא ידוע,14.90,0.1490,1,1,15846
59,2018-02-11 12:30:44,7290011877095,1,צמד רדיד אלומיניום א,בורסה פזרי,תורכיה,סנו סושי,מטרים,15.00,מטר,0,לא ידוע,19.90,1.3267,1,1,9389
60,2018-02-28 14:46:52,7290014205598,1,"פחם 2 ק""ג",לא ידוע,לא ידוע,"פחם 2 ק""ג",קילוגרמים,2.00,"ק""ג     ",0,לא ידוע,9.90,4.9500,1,1,33782
61,2018-03-04 12:35:36,5010677552387,1,בקרדי בריזר אננס,טמפו,גרמניה,בקרדי,מיליליטרים,275.00,"100 מ""ל",0,לא ידוע,13.90,0.0505,1,1,11176
62,2018-03-08 09:41:47,6112017102487,1,סלסלת עלים 5.5 ליטר,לא ידוע,לא ידוע,סלסלת עלים 5.5 ליטר,יח',1.00,יח',0,לא ידוע,7.90,7.9000,1,1,36359
63,2018-04-01 12:21:53,7290011570781,1,קמח עוגה בטעם וניל כ,אשבל -מזון פונקציונל,ישראל,אשבל,גרמים,450.00,100 גרם,0,לא ידוע,14.90,0.0331,1,1,29212
64,2018-04-08 06:40:02,7290111566547,1,חזה בגריל טבעול,טבעול ישראל,ישראל,חזה בגריל טבעול,גרמים,560.00,100 גרם,0,לא ידוע,29.90,0.0534,1,1,35875
65,2018-04-08 06:40:02,7290111566561,1,שניצל ברוקולי 99 קלו,טבעול ישראל,ישראל,שניצל ברוקולי 99 קלו,גרמים,560.00,100 גרם,0,לא ידוע,29.90,0.0534,1,1,35876
66,2018-04-08 06:40:04,7290111566691,1,שניצל תרד 99 קלוריות,טבעול ישראל,ישראל,שניצל תרד 99 קלוריות,גרמים,560.00,100 גרם,0,לא ידוע,29.90,0.0534,1,1,35879
67,2018-04-08 07:34:04,50000434640,1,פנסי פיסט נתחי לבבות,נסטלה פורינה  USA סט,ארצות הברית,FANCY FEAST,גרמים,85.00,100 גרם,0,לא ידוע,5.90,0.0694,1,1,4406
68,2018-04-08 07:34:46,7290105695536,1,אבקת מרק ירקות שורש,אסם,ישראל,אסם,גרמים,220.00,100 גרם,0,לא ידוע,15.90,0.0723,1,1,4682
69,2018-04-08 07:44:58,7290012022272,1,קליליות קידס,דילייט 2005,ישראל,קליליות,גרמים,30.00,100 גרם,0,לא ידוע,10.50,0.3500,1,1,32377
70,2018-04-08 07:45:52,7290019297420,1,מעדן תות שדה 284 גרם,לינוי סיטי,סין,שקדיה,גרמים,284.00,100 גרם,0,לא ידוע,7.90,0.0278,1,1,3002
71,2018-04-08 07:48:13,8710445585100,1,עוגיות סנדוויץ' עם ק,Continantal Bakeries,הולנד,דנש,גרמים,300.00,100 גרם,0,לא ידוע,5.90,0.0197,1,1,8342
72,2018-04-08 07:56:17,4014400909937,1,טופי וורטר 135 גרם,שטורק,גרמניה,וורטרס אורגינל,גרמים,135.00,100 גרם,0,לא ידוע,8.90,0.0659,1,1,12143
73,2018-04-08 07:57:58,6936745600462,1,"מירין 500 מ""ל",qingdao sun growing,סין,daniyan,מיליליטרים,500.00,"100 מ""ל",0,לא ידוע,19.90,0.0398,1,1,29449
74,2018-04-08 07:58:44,7290010154036,1,עמבה 250 גר,תבליני יוחאי ביטון,ישראל,תבליני יוחאי ביטון,גרמים,250.00,100 גרם,0,לא ידוע,12.90,0.0516,1,1,13082
75,2018-04-08 08:00:38,7290012208485,1,פריכיות כוסמין עם עד,"אל זן בע""מ",ישראל,אביב ירוק,גרמים,120.00,100 גרם,0,לא ידוע,12.90,0.1075,1,1,36078
76,2018-04-08 08:01:00,7290013144263,1,תערובת מלבי 112 גרם,מימונס אפיה,ישראל,א.ל ייצור ושיווק תבלינים,גרמים,112.00,100 גרם,0,לא ידוע,9.90,0.0884,1,1,20214
77,2018-04-08 08:01:01,7290013144270,1,קרם פטיסייר 100 גרם,מימונס אפיה,ישראל,א.ל ייצור ושיווק תבלינים,גרמים,100.00,100 גרם,0,לא ידוע,9.90,0.0990,1,1,20215
78,2018-04-08 08:03:37,7290015437905,1,ניוקי עגבניה 500ג,לא ידוע,כללי,"ניוקי תפו""א",גרמים,500.00,100 גרם,0,לא ידוע,5.90,0.0118,1,1,25725
79,2018-04-08 08:05:00,7290100701386,1,קמח לחלה מספר 18,"שטיבל בע""מ",ישראל,סוגת,קילוגרמים,1.00,"ק""ג     ",0,לא ידוע,5.90,5.9000,1,1,76
80,2018-04-08 08:05:02,7290100701577,1,קמח לחם מספר 2,"שטיבל בע""מ",ישראל,סוגת,קילוגרמים,1.00,"ק""ג     ",0,לא ידוע,5.90,5.9000,1,1,81
81,2018-04-08 08:12:30,8850632604266,1,מקלות חמוצים טעם קול,סאאדת,תורכיה,יוגטה,יח',24.00,יח',0,לא ידוע,3.90,0.1625,1,1,12326
82,2018-04-16 09:16:31,7290111565182,1,קציצות דלורית אדממה,טבעול ישראל,ישראל,קציצות דלורית אדממה,גרמים,525.00,100 גרם,0,לא ידוע,29.90,0.0570,1,1,36670
83,2018-04-23 10:18:56,7290015156813,1,מחית פרינוק פירות מע,פרוטה פודווין איי.אס,צכיה,רנדי,גרמים,120.00,100 גרם,0,לא ידוע,4.90,0.0408,1,1,36795
84,2018-04-25 07:53:26,7290011064099,1,מעדן פלפל עם גבינה,גבינות ניצן,ישראל,גבינות ניצן,גרמים,125.00,100 גרם,0,לא ידוע,19.90,0.1592,1,1,6147
85,2018-04-29 08:42:47,7290014397163,1,סנו פרש מילוי,סנו,ישראל,סנו פרש מילוי,יח',1.00,יח',0,לא ידוע,11.90,11.9000,1,1,34840
86,2018-05-15 11:43:38,7290017616056,1,שעועית ירוקה שלמה עד,לא ידוע,לא ידוע,שעועית ירוקה שלמה עד,גרמים,600.00,100 גרם,0,לא ידוע,9.90,0.0165,1,1,37155
87,2018-05-23 07:05:29,4770237050432,1,גלידה שוקולד פלומביר,פיאנו זיואיגזדס,לטביה,גלידה שוקולד פלומביר,גרמים,70.00,100 גרם,0,לא ידוע,4.90,0.0700,1,1,37270
88,2018-05-23 08:01:31,7290102398393,1,Muller בטעם תפוח קינ,טרה,ישראל,MULLER,גרמים,170.00,100 גרם,0,לא ידוע,4.90,0.0288,1,1,37240
89,2018-06-07 06:53:51,7290110321505,1,דיאט יופלה קוקוס,תנובה,ישראל,יופלה,גרמים,150.00,100 גרם,0,לא ידוע,4.80,0.0320,1,1,37227
90,2018-06-07 09:56:49,7290108352641,1,מטלית הפלא לניקוי כל,סנו,ישראל,מטלית הפלא לניקוי כל,יח',3.00,יח',0,לא ידוע,14.90,4.9667,1,1,33199
91,2018-06-20 15:32:35,7290014217010,1,T-BUL לדגים   90 גרם,"תבליני טעם וריח בע""מ",ישראל,"תבליני טעם וריח בע""מ",גרמים,90.00,100 גרם,0,לא ידוע,9.90,0.1100,1,1,20636
92,2018-06-26 15:29:56,7290000342832,1,מרכך כביסה בדין צהוב,אתר ליוור - HPC,ישראל,BADIN,ליטרים,4.00,ליטר    ,0,לא ידוע,19.90,4.9750,1,1,16670
93,2018-06-27 14:38:09,7290108351545,1,מבשם יבש סנו פרש הום,סנו,ישראל,מבשם יבש סנו פרש הום,מיליליטרים,200.00,"100 מ""ל",0,לא ידוע,10.90,0.0545,1,1,37854
94,2018-06-27 14:38:11,7290108351538,1,מבשם יבש סנו פרש הום,סנו,ישראל,מבשם יבש סנו פרש הום,מיליליטרים,200.00,"100 מ""ל",0,לא ידוע,10.90,0.0545,1,1,37853
95,2018-07-01 12:24:03,7290105961525,1,שוקולד ספלנדיד 85%,שטראוס גרופ,ישראל,עלית,גרמים,100.00,100 גרם,0,לא ידוע,9.90,0.0990,1,1,13885
96,2018-07-01 12:52:48,7290000166148,1,תחליב דאב בייבי 700,אתר ליוור - HPC,ישראל,DOVE,מיליליטרים,700.00,"100 מ""ל",0,לא ידוע,14.90,0.0213,1,1,16549
97,2018-07-01 14:09:54,7290000363462,1,סלמי איטלקי,טירת- צבי,ישראל,טירת- צבי,קילוגרמים,1.00,"ק""ג",1,לא ידוע,79.00,79.0000,1,1,17161
98,2018-07-01 15:02:42,7296021152177,1,סכין פריז זוג,לא ידוע,לא ידוע,סכין פריז זוג,יח',2.00,יח',0,לא ידוע,14.90,7.4500,1,1,37864
99,2018-07-11 11:14:29,7290005384295,1,ג. גאודה  חצי קשה 27,לא ידוע,כללי,ג. גאודה חצי קשה 27%,קילוגרמים,1.00,"ק""ג",1,לא ידוע,29.00,29.0000,1,1,10271
100,2018-07-16 12:51:35,7290002053088,1,אטריות ביצים,פ.פ.ח טאביט,פולין,אוריינטל,גרמים,200.00,100 גרם,0,לא ידוע,5.90,0.0295,1,1,38564
101,2018-07-16 12:55:26,7290000055206,1,גבינה לבנה עם בצל 5%,תנובה,ישראל,תנובה,גרמים,250.00,100 גרם,0,לא ידוע,5.30,0.0212,1,1,40503
102,2018-07-16 12:55:29,7290000056272,1,גבינה לבנה עם זיתים,תנובה,ישראל,תנובה,גרמים,250.00,100 גרם,0,לא ידוע,5.30,0.0212,1,1,40509
103,2018-07-16 12:56:16,7290000134338,1,שום אבקה 90 גרם מיכל,"תבליני טעם וריח בע""מ",ישראל,"תבליני טעם וריח בע""מ",גרמים,90.00,100 גרם,0,לא ידוע,7.90,0.0878,1,1,40816
104,2018-07-16 12:56:17,7290000134550,1,עלי דפנה בשקית 12 יח,"תבליני טעם וריח בע""מ",ישראל,"תבליני טעם וריח בע""מ",גרמים,20.00,100 גרם,0,לא ידוע,4.90,0.2450,1,1,40819
105,2018-07-16 12:57:32,7290000201818,1,טיטולים פרימיום שלב,לא ידוע,כללי,טיטולים פרימיום שלב 2 64,יח',52.00,יח',0,לא ידוע,29.90,0.5750,1,1,39251
106,2018-07-16 12:57:39,7290000204932,1,פיסגה 1.250,סנו,ישראל,פיסגה,קילוגרמים,1.25,"ק""ג     ",0,לא ידוע,11.90,9.5200,1,1,38798
107,2018-07-16 12:58:14,7290000272467,1,עסיס סירופ פטל דיאט,בית השיטה עסיס תעשיו,ישראל,עסיס,ליטרים,1.00,ליטר    ,0,לא ידוע,9.90,9.9000,1,1,38361
108,2018-07-16 12:58:16,7290000286228,1,סנו סושי כריות שישיה,סדובסקי,ישראל,סנו סושי,יח',6.00,יח',0,לא ידוע,9.90,1.6500,1,1,38800
109,2018-07-16 12:58:37,7290000291963,1,אקונומיקה זאוול 1 לי,סנו,ישראל,סנו ז'אוול,ליטרים,1.00,ליטר    ,0,לא ידוע,7.90,7.9000,1,1,38850
110,2018-07-16 12:58:38,7290000292434,1,סנו רהיט מילוי,סנו,ישראל,סנו,מיליליטרים,500.00,"100 מ""ל",0,לא ידוע,12.90,0.0258,1,1,38853
111,2018-07-16 12:58:40,7290000293516,1,סנו סופג לחות,סנו,ישראל,סנו,גרמים,340.00,100 גרם,0,לא ידוע,24.90,0.0732,1,1,38860
112,2018-07-16 12:58:49,7290000295824,1,רדיד אלומיניום צר עם,פרגמק,ישראל,סנו סושי,מטרים,100.00,מטר,0,לא ידוע,49.90,0.4990,1,1,38880
113,2018-07-16 12:59:15,7290000327532,1,פפסי קולה 1.5 ל שישי,טמפו,ישראל,פפסי,ליטרים,1.50,ליטר    ,0,לא ידוע,23.90,15.9333,1,1,39329
114,2018-07-16 12:59:49,7290000408316,1,דנונה ביו  3% 200 גר,שטראוס גרופ,ישראל,שטראוס,גרמים,200.00,100 גרם,0,לא ידוע,3.50,0.0175,1,1,40112
115,2018-07-16 13:00:30,7290000518190,1,מתוק וקל 100 שקיות,מתוק וקל,ישראל,מתוק וקל,גרמים,200.00,100 גרם,0,לא ידוע,24.90,0.1245,1,1,38024
116,2018-07-16 13:02:21,7290002007500,1,קסמים חבית 500 יחידו,הנג טונג,סין,הנמל,יח',500.00,יח',0,לא ידוע,2.90,0.0058,1,1,39049
117,2018-07-16 13:02:25,7290002008187,1,קשים מתקפלים  40 יחי,הנג טונג,סין,הנמל,יח',40.00,יח',0,לא ידוע,1.00,0.0250,1,1,39062
118,2018-07-16 13:02:37,7290002040071,1,קוסקוס עבה 350 גרם,קוסקוס,ישראל,הנמל,גרמים,350.00,100 גרם,0,לא ידוע,4.90,0.0140,1,1,39072
119,2018-07-16 13:02:40,7290002057017,1,זיתים נובו ענק,קבוצת יבנה,ישראל,קבוצת יבנה,גרמים,330.00,100 גרם,0,לא ידוע,8.90,0.0270,1,1,40031
120,2018-07-16 13:02:42,7290002057062,1,זיתים ירוקים בינוני,קבוצת יבנה,ישראל,קבוצת יבנה,גרמים,540.00,100 גרם,0,לא ידוע,5.90,0.0109,1,1,40035
121,2018-07-16 13:02:43,7290002057109,1,זיתים מונזלינו 540 ג,קבוצת יבנה,ישראל,קבוצת יבנה,גרמים,540.00,100 גרם,0,לא ידוע,7.90,0.0146,1,1,40039
122,2018-07-16 13:02:48,7290002057406,1,מלפפון בחומץ 30-36 3,קבוצת יבנה,ישראל,קבוצת יבנה,קילוגרמים,3.00,"ק""ג     ",0,לא ידוע,19.90,6.6333,1,1,40052
123,2018-07-16 13:04:19,7290002517290,1,קינמון טחון 40 גרם מ,"תבליני טעם וריח בע""מ",ישראל,"תבליני טעם וריח בע""מ",גרמים,40.00,100 גרם,0,לא ידוע,5.90,0.1475,1,1,40837
124,2018-07-16 13:04:53,7290002771128,1,קפה קלוי וטחון בלי ה,לא ידוע,כללי,קפה אלנחלה 250 גרם,גרמים,250.00,100 גרם,0,לא ידוע,15.90,0.0636,1,1,38021
125,2018-07-16 13:05:04,7290002827320,1,נקניקיות מרגז 400 גר,לא ידוע,כללי,נקניקיות מרגז,גרמים,400.00,100 גרם,0,לא ידוע,17.90,0.0447,1,1,41164
126,2018-07-16 13:05:32,7290003015474,1,בייבי כיף מגבונים רב,טרופיקל דגיל קוסמטיק,ישראל,בייבי כיף,יח',4.00,יח',0,לא ידוע,17.90,4.4750,1,1,38899
127,2018-07-16 13:06:04,7290003144761,1,שוקולד מריר 85%,נאטרא מאלה,בלגיה,צוקטה,גרמים,100.00,100 גרם,0,לא ידוע,7.90,0.0790,1,1,39545
128,2018-07-16 13:07:27,7290004030018,1,"מיץ לימון 500 מ""ל",פריניב,ישראל,פרי ניב,מיליליטרים,500.00,"100 מ""ל",0,לא ידוע,6.90,0.0138,1,1,41193
129,2018-07-16 13:08:38,7290004257217,1,מגן פמוט 50 יחי בקופ,"מנורה שי נר בע""מ",ישראל,מנורה,יח',50.00,יח',0,לא ידוע,7.90,0.1580,1,1,41232
130,2018-07-16 13:09:10,7290005174575,1,טחינה 125 משובחת,שטראוס גרופ,ישראל,שטראוס,גרמים,125.00,100 גרם,0,לא ידוע,4.70,0.0376,1,1,40161
131,2018-07-16 13:09:25,7290005423505,1,אורביטול מי פה,קוסמופארם,ישראל,אורביטול,מיליליטרים,500.00,"100 מ""ל",0,לא ידוע,19.90,0.0398,1,1,38932
132,2018-07-16 13:09:37,7290005426360,1,קרמה רחצה 750,קוסמופארם,ישראל,קרמה,מיליליטרים,750.00,"100 מ""ל",0,לא ידוע,14.90,0.0199,1,1,38964
133,2018-07-16 13:11:47,7290005838613,1,סקי וניל 125 בודד,שטראוס גרופ,ישראל,שטראוס,גרמים,125.00,100 גרם,0,לא ידוע,3.70,0.0296,1,1,40163
134,2018-07-16 13:13:49,7290008747547,1,תפוציפס קראנצ' טבעי,שטראוס פריטו ליי (מל,ישראל,עלית,גרמים,200.00,100 גרם,0,לא ידוע,9.90,0.0495,1,1,39931
135,2018-07-16 13:13:52,7290008753883,1,וופל פירורים טרפלס,שטראוס גרופ,ישראל,עלית,גרמים,350.00,100 גרם,0,לא ידוע,13.90,0.0397,1,1,39911
136,2018-07-17 08:22:39,7290107978330,1,מאסטר שף איטריות דקו,פי.פי.איג' ארטלקס ג',פולין,מאסטר שף,גרמים,400.00,100 גרם,0,לא ידוע,3.90,0.0097,1,1,32905
137,2018-07-24 12:25:24,6112017102883,1,כפיות 6 יח צבעוני,לא ידוע,לא ידוע,כפיות 6 יח צבעוני,יח',6.00,יח',0,לא ידוע,9.90,1.6500,1,1,41354
138,2018-08-01 11:47:38,7290002008828,1,גמבו שוקו לבן 200 גר,ממתקי עלה ייצור שווק,ישראל,הנמל,גרמים,200.00,100 גרם,0,לא ידוע,7.90,0.0395,1,1,42075
139,2018-08-01 11:49:27,7290003715701,1,גרעיני דלעת מקולפים,זארובי פיצוחי הגליל,ישראל,זארובי פיצוחי הגליל,גרמים,100.00,100 גרם,0,לא ידוע,7.90,0.0790,1,1,41631
140,2018-08-01 11:57:50,7290003681303,1,שעועית מעורבת 500 גר,"מיה תעשיות מזון בע""מ",ישראל,מיה,גרמים,500.00,100 גרם,0,לא ידוע,7.90,0.0158,1,1,42424
141,2018-08-01 11:57:51,7290003681716,1,גריסי פנינה 500 גרם,"מיה תעשיות מזון בע""מ",ישראל,מיה,גרמים,500.00,100 גרם,0,לא ידוע,4.50,0.0090,1,1,42425
142,2018-08-01 12:09:24,7290000176116,1,"קפה טורקי 1 ק""ג",שטראוס גרופ,ישראל,עלית,קילוגרמים,1.00,"ק""ג     ",0,לא ידוע,76.90,76.9000,1,1,42568
143,2018-08-01 12:50:16,7290002057314,1,מלפפון במלח 15-20  1,קבוצת יבנה,ישראל,קבוצת יבנה,קילוגרמים,1.30,"ק""ג     ",0,לא ידוע,12.90,9.9231,1,1,42625
144,2018-08-01 13:51:30,7290000292694,1,מגן קריסטל 2 ליטר,סנו,ישראל,סנו,ליטרים,2.00,ליטר    ,0,לא ידוע,39.90,19.9500,1,1,42048
145,2018-08-01 13:51:34,7290002768036,1,תיאדנט גדול,לא ידוע,כללי,תיאדנט גדול,מיליליטרים,150.00,"100 מ""ל",0,לא ידוע,13.90,0.0927,1,1,42057
146,2018-08-08 11:37:41,4770237055567,1,גלידה SVALYA אסקימו,פיאנו זיואיגזדס,לטביה,גלידה SVALYA אסקימו,גרמים,63.00,100 גרם,0,לא ידוע,4.90,0.0778,1,1,43622
147,2018-08-26 09:39:44,7290014760448,1,גבינת גלבוע 400 גרם,תנובה,ישראל,תנובה,גרמים,400.00,100 גרם,0,לא ידוע,22.90,0.0572,1,1,17821
148,2018-08-26 09:39:44,7290014760912,1,גוש חלב מהדרין 400 ג,תנובה,ישראל,תנובה,גרמים,400.00,100 גרם,0,לא ידוע,24.90,0.0622,1,1,17844
149,2018-09-16 11:24:12,7290005326585,1,פסטו בזיליקום אוליבי,אוליביה,ישראל,אוליביה,גרמים,180.00,100 גרם,0,לא ידוע,11.90,0.0661,1,1,40653
150,2018-09-16 11:24:13,7290008849845,1,אריסה פיקנטית אוליבי,אוליביה,ישראל,אוליביה,גרמים,185.00,100 גרם,0,לא ידוע,11.90,0.0643,1,1,42758
151,2018-10-03 08:56:47,7290004122348,1,עמק לייט,תנובה,ישראל,תנובה,גרמים,200.00,100 גרם,0,לא ידוע,16.90,0.0845,1,1,40562
152,2018-10-03 08:56:59,7290110321246,1,פרילי אפרסק 1.5% 125,תנובה,ישראל,פרילי,גרמים,125.00,100 גרם,0,לא ידוע,3.30,0.0264,1,1,34420
153,2018-10-04 12:53:07,7290101551362,1,פלפלים חריפים 350 גר,שטראוס גרופ,ישראל,שטראוס,גרמים,350.00,100 גרם,0,לא ידוע,14.90,0.0426,1,1,53732
154,2018-10-07 13:07:08,7290014397705,1,פוליווקס פרקט 2 ליטר,סנו,ישראל,פוליוויקס,ליטרים,2.00,ליטר    ,0,לא ידוע,19.90,9.9500,1,1,9588
155,2018-10-08 13:20:29,7290015395045,1,קינואה 400 גרם,"שקדיה גבע תעשיות בע""",ישראל,שקדיה,גרמים,400.00,100 גרם,0,לא ידוע,9.90,0.0248,1,1,2970
156,2018-10-14 09:28:34,7290004125738,1,שמנת עמידה להקצפה 32,תנובה,ישראל,השף הלבן,מיליליטרים,250.00,"100 מ""ל",0,לא ידוע,6.00,0.0240,1,1,40582
157,2018-10-14 09:32:43,7290100703649,1,קמח מלא חיטה 80% ללא,"שטיבל בע""מ",ישראל,סוגת,קילוגרמים,1.00,"ק""ג     ",0,לא ידוע,4.90,4.9000,1,1,53875
158,2018-10-15 09:34:11,7290110321284,1,קוטג' בקטנה 9% מהדרי,תנובה,ישראל,תנובה,גרמים,100.00,100 גרם,0,לא ידוע,2.50,0.0250,1,1,35096
159,2018-10-15 12:01:19,7290014763579,1,מעדן סויה ביו פירות,תנובה,ישראל,תנובה,מיליליטרים,125.00,"100 מ""ל",0,לא ידוע,3.70,0.0296,1,1,35844
160,2018-10-18 12:57:14,7290000134314,1,פיצה תערובת תיבול 12,"תבליני טעם וריח בע""מ",ישראל,"תבליני טעם וריח בע""מ",גרמים,120.00,100 גרם,0,לא ידוע,8.90,0.0742,1,1,40815
161,2018-10-18 12:57:16,7290000134833,1,כמון 100 גרם מיכל גד,"תבליני טעם וריח בע""מ",ישראל,"תבליני טעם וריח בע""מ",גרמים,100.00,100 גרם,0,לא ידוע,8.90,0.0890,1,1,40825
162,2018-10-18 12:57:16,7290000134864,1,פפריקה חריפה 100 גרם,"תבליני טעם וריח בע""מ",ישראל,"תבליני טעם וריח בע""מ",גרמים,100.00,100 גרם,0,לא ידוע,8.90,0.0890,1,1,40828
163,2018-10-18 12:57:18,7290011964702,1,שוארמה ללא מונוסודיו,"תבליני טעם וריח בע""מ",ישראל,"תבליני טעם וריח בע""מ",גרמים,100.00,100 גרם,0,לא ידוע,8.90,0.0890,1,1,20628
164,2018-10-18 12:57:22,7290014217492,1,פילדלפיה תערובת 100ג,"תבליני טעם וריח בע""מ",ישראל,"תבליני טעם וריח בע""מ",גרמים,100.00,100 גרם,0,לא ידוע,8.90,0.0890,1,1,29015
165,2018-10-18 12:57:52,7290111932083,1,מאסטר שף שימורי גרעי,סאן סוויט,תאילנד,מאסטר שף,גרמים,425.00,100 גרם,0,לא ידוע,5.90,0.0139,1,1,53926
166,2018-10-23 12:17:51,7290000453781,1,שמרים יבשים שמרית 12,"פאקא תעשיות בע""מ",פורטוגל,שמרית,גרמים,125.00,100 גרם,0,לא ידוע,5.90,0.0472,1,1,53954
167,2018-10-24 15:01:28,7290101551614,1,מארז ציטוס קראנצ' גב,שטראוס פריטו ליי (מל,ישראל,עלית,גרמים,240.00,100 גרם,0,לא ידוע,13.90,0.0579,1,1,53998
168,2018-10-29 16:51:09,7290000208367,1,עגבניות מרוסקות בזיל,זנלכל,ישראל,עגבניות מרוסקות 800 גרם,גרמים,800.00,100 גרם,0,לא ידוע,6.90,0.0086,1,1,54086
169,2018-10-30 10:04:03,7290000208459,1,"לקט תפו""א יכין 550 ג",זנלכל,ישראל,"לקט תפו""א יכין 550 ג",גרמים,550.00,100 גרם,0,לא ידוע,6.90,0.0125,1,1,54097
170,2018-10-31 12:55:10,7290017105062,1,חומוס יכין 200 גרם,זנלכל,ישראל,חומוס יכין 200 גרם,גרמים,200.00,100 גרם,0,לא ידוע,3.50,0.0175,1,1,54116
171,2018-10-31 12:55:11,7290017105079,1,שעועית אפויה יכין 20,זנלכל,ישראל,שעועית אפויה יכין 20,גרמים,200.00,100 גרם,0,לא ידוע,3.50,0.0175,1,1,54117
172,2018-10-31 12:55:11,7290017105086,1,שעועית צ'ילי יכין 20,זנלכל,ישראל,שעועית צ'ילי יכין 20,גרמים,200.00,100 גרם,0,לא ידוע,3.50,0.0175,1,1,54122
173,2018-10-31 12:55:12,7290017105116,1,תורמוס יכין 200 גרם,זנלכל,ישראל,תורמוס יכין 200 גרם,גרמים,200.00,100 גרם,0,לא ידוע,3.50,0.0175,1,1,54125
174,2018-11-01 11:06:11,7290014910386,1,קורנישונים במלח 690,יוניקורן פיקלס פרייב,הודו,קורנישונים במלח 690,גרמים,360.00,100 גרם,0,לא ידוע,8.90,0.0247,1,1,30280
175,2018-11-08 13:58:26,7290010945146,1,קוטג' 3% 250 גרם- נע,טרה,ישראל,טרה,גרמים,250.00,100 גרם,0,לא ידוע,5.30,0.0212,1,1,15191
176,2018-11-11 11:24:04,7290107937542,1,משקה אקטיביה תות 1.2,שטראוס גרופ,ישראל,שטראוס,גרמים,268.00,100 גרם,0,לא ידוע,4.90,0.0183,1,1,27658
177,2018-11-11 15:45:32,7296021168260,1,"מחבת 20 ס""מ מרבל",לא ידוע,לא ידוע,"מחבת 20 ס""מ מרבל",יח',1.00,יח',0,לא ידוע,34.90,34.9000,1,1,54268
178,2018-11-18 08:25:03,7290000339887,1,קלין משחה 3.5 קג,אתר ליוור - HPC,ישראל,CIF,קילוגרמים,3.50,"ק""ג     ",0,לא ידוע,26.90,7.6857,1,1,16668
179,2018-11-21 08:19:24,7290000023007,1,ברנדי שטוק 84,ברקן סגל,ישראל,שטוק,מיליליטרים,750.00,"100 מ""ל",0,לא ידוע,64.90,0.0865,1,1,39313
180,2018-12-02 11:41:56,7290002695127,1,טחון הודו זוגות,כל הבשר,ישראל,כל הבשר,קילוגרמים,1.00,"ק""ג     ",0,לא ידוע,14.90,14.9000,1,1,42316
181,2018-12-04 15:31:18,7290012226021,1,סלמי מעושן פראג 400,זוגלובק,ישראל,זוגלובק,גרמים,400.00,100 גרם,0,לא ידוע,14.90,0.0373,1,1,10669
182,2018-12-11 16:44:31,7290110323585,1,יופלה גו דובדבן,תנובה,ישראל,יופלה גו דובדבן,גרמים,200.00,100 גרם,0,לא ידוע,5.50,0.0275,1,1,54795
183,2018-12-12 15:28:12,7290110323608,1,יופלה גו פירות יער,תנובה,ישראל,יופלה גו פירות יער,גרמים,200.00,100 גרם,0,לא ידוע,5.50,0.0275,1,1,54830
184,2018-12-20 13:13:57,7290002768074,1,דרמפון גדול,"אמיליה קוסמטיקס בע""מ",ישראל,דרמפון,ליטרים,1.00,ליטר    ,0,לא ידוע,15.90,15.9000,1,1,38893
185,2018-12-24 15:51:17,7290110560317,1,פריכיות משולשות מלח,לא ידוע,לא ידוע,פריכיות משולשות מלח,גרמים,30.00,100 גרם,0,לא ידוע,4.90,0.1633,1,1,55021
186,2018-12-25 16:56:18,7290016401844,1,תבניות רוסטר גדול עב,לא ידוע,לא ידוע,תבניות רוסטר גדול עב,יח',2.00,יח',0,לא ידוע,7.90,3.9500,1,1,55031
187,2018-12-30 09:00:02,7290006554345,1,עוגיות תמרים ללא סוכ,ארקד,ישראל,ארקד,גרמים,250.00,100 גרם,0,לא ידוע,16.90,0.0676,1,1,42946
188,2018-12-30 11:15:06,7290006554093,1,סהרונים,ארקד,ישראל,ארקד,גרמים,300.00,100 גרם,0,לא ידוע,16.90,0.0563,1,1,42934
189,2018-12-30 11:15:06,7290006554123,1,עוגיות שקדים,ארקד,ישראל,ארקד,גרמים,250.00,100 גרם,0,לא ידוע,16.90,0.0676,1,1,42936
190,2018-12-30 11:15:07,7290006554246,1,עוגיות משקפיים עם סו,ארקד,ישראל,ארקד,גרמים,250.00,100 גרם,0,לא ידוע,16.90,0.0676,1,1,42941
191,2018-12-30 11:15:07,7290006554260,1,עוגיות שושנים 250 גר,ארקד,ישראל,ארקד,גרמים,250.00,100 גרם,0,לא ידוע,16.90,0.0676,1,1,42942
192,2019-01-01 08:21:12,76840462858,1,*מבצע* פיינט בום שוק,מוצרי איכות אמריקאיי,ישראל,בן & ג'ריס,מיליליטרים,473.00,"100 מ""ל",0,לא ידוע,17.90,0.0378,1,1,36949
193,2019-01-01 15:36:10,7290013608673,1,נקטר תפוחי עץ ‏1‏ל,גניר,ישראל,פרימור,ליטרים,1.00,ליטר    ,0,לא ידוע,6.50,6.5000,1,1,29938
194,2019-01-04 10:23:43,7290014763319,1,גבינת שמנת 5% עירית,לא ידוע,לא ידוע,גבינת שמנת 5% עירית,גרמים,200.00,100 גרם,0,לא ידוע,10.90,0.0545,1,1,28985
195,2019-01-08 10:26:46,7290113661196,1,צלחת מרכזית לבן 30 י,לא ידוע,לא ידוע,צלחת מרכזית לבן 30 י,יח',30.00,יח',0,לא ידוע,8.90,0.2967,1,1,55217
196,2019-01-10 09:02:16,7290113661509,1,קערה עמוקה אובלי 2 י,לא ידוע,לא ידוע,קערה עמוקה אובלי 2 י,יח',2.00,יח',0,לא ידוע,6.90,3.4500,1,1,55287
197,2019-01-13 09:33:06,7290111094613,1,מגבונים לניקוי משקפי,די.פי.אל תעשיות מוצר,ישראל,ICARE,יח',24.00,יח',0,לא ידוע,7.90,0.3292,1,1,55300
198,2019-01-20 14:49:24,7290000136721,1,ג'אמפ תפוזים 1.5 ליט,טמפו,ישראל,ג'אמפ,ליטרים,1.50,ליטר    ,0,לא ידוע,5.50,3.6667,1,1,39324
199,2019-01-20 14:49:25,7290000136745,1,ג'אמפ תות בננה 1.5 ל,טמפו,ישראל,ג'אמפ,ליטרים,1.50,ליטר    ,0,לא ידוע,5.50,3.6667,1,1,39326
200,2019-01-20 14:49:26,7290000327440,1,ג'אמפ מנגו 1.5 ליטר,טמפו,ישראל,ג'אמפ,ליטרים,1.50,ליטר    ,0,לא ידוע,5.50,3.6667,1,1,39328
201,2019-01-23 16:37:37,7290112192509,1,פירורי לחם 250 גרם ל,"מוצרי הכט בע""מ",ישראל,פירורי לחם 250 גרם ל,גרמים,250.00,100 גרם,0,לא ידוע,14.90,0.0596,1,1,55474
202,2019-01-27 09:37:14,7290111569616,1,חומוס צבר עם חריף 37,צבר,ישראל,סלטי צבר,גרמים,375.00,100 גרם,0,לא ידוע,11.90,0.0317,1,1,55499
203,2019-01-27 09:37:52,7290112962300,1,המבורגר טבעול חריף ט,טבעול ישראל,ישראל,המבורגר טבעול חריף ט,גרמים,504.00,100 גרם,0,לא ידוע,29.90,0.0593,1,1,55502
204,2019-02-04 11:20:17,7290113661417,1,צלחות ענק מהודרות,לא ידוע,לא ידוע,צלחות ענק מהודרות,יח',10.00,יח',0,לא ידוע,15.90,1.5900,1,1,55629
205,2019-02-04 17:14:33,7296021170669,1,חולץ פקקים עם ידיות,לא ידוע,לא ידוע,חולץ פקקים עם ידיות,יח',1.00,יח',0,לא ידוע,24.90,24.9000,1,1,55632
206,2019-02-07 12:15:55,7290108352962,1,תבניות עמוקות 3 יח ח,סנו,ישראל,תבניות עמוקות 3 יח ח,יח',3.00,יח',0,לא ידוע,9.90,3.3000,1,1,55690
207,2019-02-11 08:44:58,7290000341071,1,בדין בייבי 2 ל,אתר ליוור - HPC,ישראל,BADIN,ליטרים,2.00,ליטר    ,0,לא ידוע,14.90,7.4500,1,1,16669
208,2019-02-11 08:45:05,7290011877446,1,קרם למניעת גירויים ב,קוסמופארם,ישראל,בייבי כיף,מיליליטרים,100.00,"100 מ""ל",0,לא ידוע,8.90,0.0890,1,1,9392
209,2019-02-11 11:40:52,7290006983770,1,עוגת הבית שיש 400 גר,אסם,ישראל,הבית,גרמים,400.00,100 גרם,0,לא ידוע,10.90,0.0273,1,1,38450
210,2019-02-12 09:30:29,7613035809109,1,פרפקטו רוטב עגבניות,נסטלה ספרד,ספרד,פרפקטו,גרמים,400.00,100 גרם,0,לא ידוע,8.90,0.0223,1,1,29250
211,2019-02-13 09:06:18,7290109358260,1,נקניקיות טבעול עם חל,טבעול ישראל,ישראל,נקניקיות טבעול עם חל,גרמים,600.00,100 גרם,0,לא ידוע,29.90,0.0498,1,1,32983
212,2019-02-13 11:07:01,7290004131432,1,יופלה לבן 3% 200 גרם,תנובה,ישראל,יופלה,גרמים,200.00,100 גרם,0,לא ידוע,3.70,0.0185,1,1,40615
213,2019-02-13 11:07:02,7290004136130,1,"שוקו בקבוק 340 מ""ל",תנובה,ישראל,תנובה,מיליליטרים,340.00,"100 מ""ל",0,לא ידוע,6.20,0.0182,1,1,40640
214,2019-02-13 11:34:12,7290102396498,1,מעדן יוגורט בטעם תות,טרה,ישראל,טרה,גרמים,125.00,100 גרם,0,לא ידוע,2.70,0.0216,1,1,15299
215,2019-02-20 12:02:18,7290001258439,1,גבינת עז מה 5%,לא ידוע,כללי,גבינת עז מה 5%,קילוגרמים,1.00,"ק""ג",1,לא ידוע,59.00,59.0000,1,1,14235
216,2019-02-24 10:37:16,7393714369000,1,קופרברג סיידר אגסים,קופרברג,שוודיה,קופרברג,מיליליטרים,330.00,"100 מ""ל",0,לא ידוע,8.90,0.0270,1,1,55997
217,2019-02-26 12:47:51,7296021170799,1,סוחט הדרים בינוני,לא ידוע,לא ידוע,סוחט הדרים בינוני,יח',1.00,יח',0,לא ידוע,22.90,22.9000,1,1,56089
218,2019-03-06 10:43:01,7290101582373,1,יין גרנאש בלאש רוזה,יקבי בינימינה,ישראל,יינות בנימינה המושבה,מיליליטרים,750.00,"100 מ""ל",0,לא ידוע,29.90,0.0399,1,1,56167
219,2019-03-11 12:11:10,78300098362,1,פלייטקס רגולר/סופר ס,פלייטקס מניפקטורינג,ארצות הברית,פלייטקס,יח',18.00,יח',0,לא ידוע,24.90,1.3833,1,1,56200
220,2019-03-25 16:41:27,8690637906176,1,בדין אקסטרא צ'ארם 96,יונילוור - תורכיה,תורכיה,BADIN,מיליליטרים,960.00,"100 מ""ל",0,לא ידוע,14.90,0.0155,1,1,56336
221,2019-03-31 11:57:08,7290004165017,1,"רסק תפו""ע ללא סוכר י",זנלכל,ישראל,רסק תפוע ללא סוכר 560 גרם,גרמים,560.00,100 גרם,0,לא ידוע,6.50,0.0116,1,1,54090
222,2019-04-04 08:10:34,7290101551584,1,מארז תפוציפס קידס 10,שטראוס פריטו ליי (מל,ישראל,עלית,גרמים,200.00,100 גרם,0,לא ידוע,12.90,0.0645,1,1,53996
223,2019-04-04 15:50:57,7290008464857,1,רביעיית סודה אננס 1.,טמפו,ישראל,למון ליים,ליטרים,1.50,ליטר    ,0,לא ידוע,9.90,6.6000,1,1,56480
224,2019-04-10 11:59:25,7290110324551,1,יופלה טיוב יוגורט במ,תנובה,ישראל,יופלה,גרמים,348.00,100 גרם,0,לא ידוע,11.90,0.0342,1,1,56548
225,2019-04-14 14:57:20,4009900484695,1,שקית מסטיק אורביט ספ,מרס,פולין,אורביט,יח',42.00,יח',0,לא ידוע,7.90,0.1881,1,1,56633
226,2019-04-18 07:42:56,7290107647335,1,דומטוס סבון אסלה ליי,לא ידוע,לא ידוע,דומטוס סבון אסלה ליי,גרמים,165.00,100 גרם,0,לא ידוע,5.90,0.0358,1,1,56741
227,2019-04-28 12:24:41,7290006788054,1,שמפו 10 700,"אמיליה קוסמטיקס בע""מ",ישראל,קרליין,מיליליטרים,700.00,"100 מ""ל",0,לא ידוע,11.90,0.0170,1,1,39005
228,2019-04-28 14:41:24,37600207287,1,חמאת בוטנים סקיפי עם,הורמל,ארצות הברית,סקיפי,גרמים,462.00,100 גרם,0,לא ידוע,17.90,0.0387,1,1,20893
229,2019-04-29 11:03:46,7290102398331,1,חלב 1 ליטר מועשר דל,טרה,ישראל,חלב טרה,ליטרים,1.00,ליטר    ,0,לא ידוע,6.90,6.9000,1,1,35771
230,2019-04-29 13:24:49,7290002881018,1,מעדן תות 284 גרם,דוברומירוב,בולגריה,סאן מורנו,גרמים,284.00,100 גרם,0,לא ידוע,8.90,0.0313,1,1,40668
231,2019-05-03 11:44:35,7290017641201,1,קרקר עם שיפון מלא וק,דוויטה ג'יי אס,לא ידוע,קרקר עם שיפון מלא וק,גרמים,130.00,100 גרם,0,לא ידוע,5.90,0.0454,1,1,56831
232,2019-05-06 13:02:09,7290000209012,1,חומץ הדרים 1 ליטר,זנלכל,ישראל,חומץ הדרים 1 ליטר,ליטרים,1.00,ליטר    ,0,לא ידוע,4.90,4.9000,1,1,39166
233,2019-05-07 08:11:46,7290010237531,1,"פפסי בקבוק 500 מ""ל",טמפו,ישראל,פפסי,מיליליטרים,500.00,"100 מ""ל",0,לא ידוע,3.00,0.0060,1,1,11191
234,2019-05-08 10:37:31,7290105966469,1,חומץ בלסמי יד מרדכי,ACATAIA GIUSEPPE CRE,איטליה,יד מרדכי,מיליליטרים,250.00,"100 מ""ל",0,לא ידוע,13.90,0.0556,1,1,13900
235,2019-05-14 08:20:24,7290112330352,1,דנונה פרו 20 גר וניל,שטראוס גרופ,ישראל,דנונה פרו,גרמים,200.00,100 גרם,0,לא ידוע,5.90,0.0295,1,1,56876
236,2019-05-29 10:53:58,7290006788504,1,*מבצע* דאו ספריי 200,"אמיליה קוסמטיקס בע""מ",ישראל,קרליין,מיליליטרים,200.00,"100 מ""ל",0,לא ידוע,9.90,0.0495,1,1,39023
237,2019-05-29 10:54:02,7290104962110,1,*מבצע* דאו קרוליין ס,"אמיליה קוסמטיקס בע""מ",ישראל,קרליין,מיליליטרים,150.00,"100 מ""ל",0,לא ידוע,9.90,0.0660,1,1,9634
238,2019-06-10 11:56:10,7290000040301,1,קולאז קממבר,תנובה,ישראל,קולאז,גרמים,125.00,100 גרם,0,לא ידוע,17.90,0.1432,1,1,40433
239,2019-06-10 11:56:42,7290014759978,1,קשקבל פלח 200 גרם,תנובה,ישראל,קולאז,גרמים,200.00,100 גרם,0,לא ידוע,24.90,0.1245,1,1,17804
240,2019-06-10 11:56:44,7290014762848,1,פתיתי גלבוע 22% 500,תנובה,ישראל,גלבוע,גרמים,500.00,100 גרם,0,לא ידוע,32.90,0.0658,1,1,32836
241,2019-06-12 16:13:47,8000070012783,1,קפה לוואצה אורו,לווצה טורינו,איטליה,LAVAZZA,גרמים,250.00,100 גרם,0,לא ידוע,38.90,0.1556,1,1,14776
242,2019-06-13 09:22:16,7290110324711,1,ממרח סויה 9% טבעי 25,תנובה,ישראל,תנובה,גרמים,250.00,100 גרם,0,לא ידוע,8.90,0.0356,1,1,57429
243,2019-06-13 09:22:17,7290110324728,1,ממרח סויה 9% שום שמי,תנובה,ישראל,תנובה,גרמים,250.00,100 גרם,0,לא ידוע,8.90,0.0356,1,1,57430
244,2019-06-13 11:54:45,7290000111245,1,וינסטון אקווה ארוך ב,JTI,שווייץ,winston,יח',20.00,יח',0,לא ידוע,31.90,1.5950,1,1,32474
245,2019-06-13 12:19:23,7290000111272,1,אל די אדום בודד,JTI,תורכיה,אל די,יח',20.00,יח',0,לא ידוע,26.40,1.3200,1,1,32499
246,2019-06-13 12:20:15,7290000042008,1,חלב שקית 3% 1 ליטר,תנובה,ישראל,תנובה,ליטרים,1.00,ליטר    ,0,לא ידוע,4.90,4.9000,1,1,40439
247,2019-06-13 12:21:04,7290000050300,1,גבינה לבנה 5% 125 גר,תנובה,ישראל,תנובה,גרמים,125.00,100 גרם,0,לא ידוע,2.30,0.0184,1,1,40480
248,2019-06-13 12:21:44,7290004129545,1,גבינה לבנה 3% 250 גר,תנובה,ישראל,תנובה,גרמים,250.00,100 גרם,0,לא ידוע,4.70,0.0188,1,1,40604
249,2019-06-14 12:05:58,72961216,1,אשל בדץ 200 מל,תנובה,ישראל,תנובה,מיליליטרים,200.00,"100 מ""ל",0,לא ידוע,1.55,0.0078,1,1,17752
250,2019-06-17 15:19:58,7290112340924,1,חומוס עם תבלין פלאפל,שטראוס גרופ,ישראל,שטראוס,גרמים,400.00,100 גרם,0,לא ידוע,10.90,0.0273,1,1,57492
251,2019-06-24 10:58:18,7290112332585,1,"פריכיות משולשות תפו""",לא ידוע,לא ידוע,"פריכיות משולשות תפו""",גרמים,30.00,100 גרם,0,לא ידוע,4.90,0.1633,1,1,57618
252,2019-06-24 10:58:20,7290112335500,1,פרכיות גדולות חלבון,עלית,ישראל,פרכיות גדולות חלבון,גרמים,135.00,100 גרם,0,לא ידוע,10.90,0.0807,1,1,57623
253,2019-06-24 10:58:20,7290112335548,1,סוכריות מאסט ללא סוכ,MIESZKO S.A - MS. JO,פולין,עלית,גרמים,80.00,100 גרם,0,לא ידוע,6.90,0.0863,1,1,57626
254,2019-06-28 07:44:20,7290112492357,1,פתית פריכיות כוסמת ת,יוניליוור,ישראל,פתית פריכיות כוסמת ת,גרמים,19.00,100 גרם,0,לא ידוע,3.50,0.1842,1,1,56408
255,2019-06-30 08:33:48,7290112492234,1,*מבצע* מאגדת פתית פר,לא ידוע,לא ידוע,*מבצע* מאגדת פתית פר,גרמים,100.00,100 גרם,0,לא ידוע,9.90,0.0990,1,1,56409
256,2019-06-30 10:53:11,7290000288642,1,מרכך מקסימה 4 ליטר,סנו,ישראל,מקסימה,ליטרים,4.00,ליטר    ,0,לא ידוע,19.90,4.9750,1,1,38836
257,2019-06-30 10:53:14,7290005423918,1,מרכך מקסימה 4 ליטר,סנו,ישראל,מקסימה,ליטרים,4.00,ליטר    ,0,לא ידוע,19.90,4.9750,1,1,38940
258,2019-06-30 10:53:21,7290014397675,1,מרכך מקסימה 4 ליטר,סנו,ישראל,מקסימה,ליטרים,4.00,ליטר    ,0,לא ידוע,19.90,4.9750,1,1,9585
259,2019-06-30 14:34:26,7290017142111,1,טונה TO GO בשמן זית,שמן תעשיות,ישראל,עץ הזית,גרמים,85.00,100 גרם,0,לא ידוע,9.90,0.1165,1,1,37140
260,2019-07-01 12:13:00,5028349100316,1,וויסקי היילנד ציף 0.,לא ידוע,כללי,וויסקי היילנד ציף 0.7,מיליליטרים,700.00,"100 מ""ל",0,לא ידוע,59.90,0.0856,1,1,6842
261,2019-07-02 09:43:02,7290001485026,1,גבינת קרם שמנת זיתים,טרה,ישראל,גבינות טרה,גרמים,200.00,100 גרם,0,לא ידוע,10.90,0.0545,1,1,40079
262,2019-07-10 09:36:59,7290110324919,1,קרלו שוקולד בננה,תנובה,ישראל,קרלו,גרמים,125.00,100 גרם,0,לא ידוע,2.90,0.0232,1,1,57767
263,2019-07-10 09:57:33,7290002265153,1,פלמידה בעישון קר ווא,אס.פי.פיש האוס,ישראל,אס.פי.פיש האוס,קילוגרמים,1.00,"ק""ג",1,לא ידוע,70.00,70.0000,1,1,52279
264,2019-07-10 15:15:43,7290004064297,1,מלח מועשר ביוד בצנצנ,מלח הארץ אילת,ישראל,מלח הארץ,קילוגרמים,1.00,"ק""ג     ",0,לא ידוע,8.90,8.9000,1,1,57797
265,2019-07-19 10:28:19,7290108350548,1,*מבצע* נוזל כלים סנו,סנו,ישראל,ספארק,ליטרים,1.00,ליטר    ,0,לא ידוע,9.90,9.9000,1,1,22825
266,2019-07-19 10:28:19,7290108350555,1,*מבצע* נוזל כלים סנו,סנו,ישראל,ספארק,ליטרים,1.00,ליטר    ,0,לא ידוע,9.90,9.9000,1,1,22826
267,2019-07-25 15:13:51,44164369962,1,נר זיכרון,לא ידוע,ישראל,מנורה,יח',1.00,יח',0,לא ידוע,9.90,9.9000,1,1,57958
268,2019-07-29 12:23:43,7290112492371,1,חטיף חלבון טו גו קרמ,יוניליוור,ישראל,תלמה,גרמים,200.00,100 גרם,0,לא ידוע,21.90,0.1095,1,1,57999
269,2019-08-04 15:14:44,7290017303673,1,עוגיות שוקוציפס לבן,לא ידוע,לא ידוע,עוגיות שוקוציפס לבן,גרמים,600.00,100 גרם,0,לא ידוע,10.90,0.0182,1,1,34672
270,2019-08-05 14:32:02,4820154725576,1,גלידה בריקט שוקולד 9,פיאנו זיואיגזדס,לטביה,גלידה בריקט שוקולד 9,גרמים,90.00,100 גרם,0,לא ידוע,4.90,0.0544,1,1,58052
271,2019-08-16 07:06:06,4779021230265,1,שוקולד אקסלוסיב מריר,מסקנס,ליטואניה,שוקולד אקסלוסיב מריר,גרמים,100.00,100 גרם,0,לא ידוע,7.90,0.0790,1,1,58203
272,2019-09-01 09:49:28,7290000364261,1,סלסולי כתף בקר 120 ג,טירת- צבי,ישראל,טירת- צבי,גרמים,120.00,100 גרם,0,לא ידוע,14.90,0.1242,1,1,40939
273,2019-09-01 09:49:28,7290000364278,1,סלסולי סלמי איטלקי 1,טירת- צבי,ישראל,טירת- צבי,גרמים,120.00,100 גרם,0,לא ידוע,14.90,0.1242,1,1,40940
274,2019-09-02 16:20:33,7290000999548,1,צפתית 5%,מחלבת פרי זה לי,ישראל,מחלבת פרי זה לי,קילוגרמים,1.00,"ק""ג",1,לא ידוע,39.00,39.0000,1,1,6760
275,2019-09-05 10:09:07,7290012228711,1,קבנוס סטיקס בטעם סיצ,זוגלובק,ישראל,זוגלובק,גרמים,50.00,100 גרם,0,לא ידוע,9.90,0.1980,1,1,58492
276,2019-09-05 10:09:07,7290012228728,1,קבנוס סטיקס בטעם מקס,זוגלובק,ישראל,זוגלובק,גרמים,50.00,100 גרם,0,לא ידוע,9.90,0.1980,1,1,58493
277,2019-09-08 10:51:21,7290112707512,1,זיקוק בצבע כסף 5 יח,לא ידוע,לא ידוע,זיקוק בצבע כסף 5 יח,יח,5.00,יח,0,לא ידוע,5.90,1.1800,1,1,58505
278,2019-09-09 12:00:25,7290111351440,1,מארז שוקולד מריר חלב,קומרסיאל צ'וקולטס,ספרד,יוגטה,גרמים,270.00,100 גרם,0,לא ידוע,9.90,0.0367,1,1,58566
279,2019-09-11 08:49:09,7290113660779,1,תבנית נייר מאפינס גד,קורקנט,סין,מנגט,יח',12.00,יח',0,לא ידוע,6.90,0.5750,1,1,58597
280,2019-09-11 08:49:09,7290113660793,1,תבנית נייר מאפינס עט,קורקנט,סין,מנגט,יח',12.00,יח',0,לא ידוע,6.90,0.5750,1,1,58599
281,2019-09-11 09:04:34,7290004125585,1,משקה סויה וניל 1 ליט,תנובה,ישראל,תנובה,ליטרים,1.00,ליטר    ,0,לא ידוע,9.90,9.9000,1,1,40579
282,2019-09-11 10:45:18,8412497379125,1,צלחת פולי,סטור,סין,דיסני,יח',1.00,יח',0,לא ידוע,7.90,7.9000,1,1,58604
283,2019-09-12 10:06:25,7296021184369,1,תבנית מלבנית 3.5 ליט,לא ידוע,לא ידוע,תבנית מלבנית 3.5 ליט,יח,1.00,יח,0,לא ידוע,39.90,39.9000,1,1,58623
284,2019-09-16 12:07:04,7290112346377,1,חומוס עם חציל פיקנטי,שטראוס גרופ,ישראל,שטראוס,גרמים,375.00,100 גרם,0,לא ידוע,10.90,0.0291,1,1,58677
285,2019-09-25 15:36:08,7290015324540,1,טימין 30 גרם מיכל גד,"תבליני טעם וריח בע""מ",ישראל,טעם וריח,גרמים,30.00,100 גרם,0,לא ידוע,8.90,0.2967,1,1,58753
286,2019-10-02 09:52:05,7290000379142,1,עינן פרוס,אנג'ל,ישראל,אנג'ל,גרמים,750.00,100 גרם,0,לא ידוע,14.90,0.0199,1,1,38049
287,2019-10-02 09:53:04,7290003023165,1,שוקו 2 ליטר,שטראוס גרופ,ישראל,יטבתה,ליטרים,2.00,ליטר    ,0,לא ידוע,18.90,9.4500,1,1,40135
288,2019-10-06 14:10:23,7290112336644,1,סוכריות מאסט ללא סוכ,שטראוס גרופ,פולין,סוכריות מאסט ללא סוכר,גרמים,80.00,100 גרם,0,לא ידוע,6.90,0.0863,1,1,58850
289,2019-10-25 08:00:30,7290014397873,1,מרכך מקסימה 4 ליטר,סנו,ישראל,מקסימה,ליטרים,4.00,ליטר    ,0,לא ידוע,19.90,4.9750,1,1,59000
290,2019-10-27 10:57:10,7290000048413,1,פיראוס חמד 250 גר,תנובה,ישראל,פיראוס,גרמים,250.00,100 גרם,0,לא ידוע,17.90,0.0716,1,1,40475
291,2019-10-27 10:57:11,7290000048437,1,צפתית פיראוס 5% 200,תנובה,ישראל,פיראוס,גרמים,200.00,100 גרם,0,לא ידוע,13.90,0.0695,1,1,40476
292,2019-10-27 10:57:15,7290004122676,1,חמד לייט 5% 250 גרם,תנובה,ישראל,פיראוס,גרמים,250.00,100 גרם,0,לא ידוע,17.90,0.0716,1,1,40564
293,2019-10-27 10:57:59,7290107931397,1,כיף כף פצפצים 40 גרם,SOLEN CIKOLATA GIDA,תורכיה,עלית,גרמים,40.00,100 גרם,0,לא ידוע,4.70,0.1175,1,1,27364
294,2019-11-03 13:16:40,7290017540696,1,דפי סויה צבעוניים 17,מינג לין פוד לטד,סין,דפי סויה צבעוניים 17,גרמים,17.00,100 גרם,0,לא ידוע,19.90,1.1706,1,1,55248
295,2019-11-03 13:22:36,7290011668433,1,*מבצע* שמפו שיאה לשי,א.ל ארמן,ישראל,פנינה רוזנבלום בע'מ,מיליליטרים,750.00,"100 מ""ל",0,לא ידוע,8.90,0.0119,1,1,14457
296,2019-11-18 15:36:36,7290005431913,1,עוגת גבינה פירורים 9,תנובה,ישראל,תנובה,גרמים,92.00,100 גרם,0,לא ידוע,5.90,0.0641,1,1,59243
297,2019-11-18 15:36:37,7290005431937,1,טירמיסו 82 גרם,תנובה,ישראל,תנובה,גרמים,82.00,100 גרם,0,לא ידוע,5.90,0.0720,1,1,59245
298,2019-11-21 09:17:10,7290017973036,1,קונפיטורת פירות יער,"י.א.א עולם הפרי בע""מ",ישראל,רוסמן,גרמים,900.00,100 גרם,0,לא ידוע,18.90,0.0210,1,1,57954
299,2019-12-02 08:02:55,8719200998049,1,מזולה גלורי רגיל 48*,אתר חיפה מרגרינה - F,ישראל,MAZOLA,גרמים,250.00,100 גרם,0,לא ידוע,9.50,0.0380,1,1,59427
300,2019-12-02 16:48:48,8719200997998,1,בלובנד עם מלח 200ג כ,אתר חיפה מרגרינה - F,ישראל,BLUE BAND,גרמים,200.00,100 גרם,0,לא ידוע,4.50,0.0225,1,1,59436
301,2019-12-02 16:48:49,8719200998087,1,מחמאה  גביע 48*250 ג,אתר חיפה מרגרינה - F,ישראל,BLUE BAND,גרמים,250.00,100 גרם,0,לא ידוע,8.90,0.0356,1,1,59439
302,2019-12-06 11:32:59,7290112492593,1,פינוק סבון נוזלי 700,אתר ליוור - HPC,ישראל,PINUK,מיליליטרים,700.00,"100 מ""ל",0,לא ידוע,10.90,0.0156,1,1,59503
303,2019-12-10 11:28:01,4770275048019,1,חמאה מלוחה 200 גר' (,ס. סי. פנו זויגזדס,ליטואניה,SVALIA,גרמים,200.00,100 גרם,0,לא ידוע,11.90,0.0595,1,1,59578
304,2019-12-22 11:34:56,7290112346537,1,פינוקיות בטעם טורטית,הגביע,ישראל,עלית,גרמים,200.00,100 גרם,0,לא ידוע,9.90,0.0495,1,1,59696
305,2019-12-25 09:20:12,7290017513393,1,תה ירוק סופר גרין,ויסוצקי,ישראל,ויסוצקי,גרמים,937.50,100 גרם,0,לא ידוע,21.90,0.0234,1,1,58275
306,2019-12-30 15:20:35,4066600941910,1,בירה פאולנר ללא אלכו,פאולנר,גרמניה,פאולנר,מיליליטרים,500.00,"100 מ""ל",0,לא ידוע,9.90,0.0198,1,1,59772
307,2020-01-02 09:06:52,7290112966025,1,בייגלה כפיות כפרי 60,אסם,ישראל,אסם,גרמים,60.00,100 גרם,0,לא ידוע,2.90,0.0483,1,1,59798
308,2020-01-05 07:29:08,7290011223052,1,*מבצע* רצועות שעווה,ש.שוורץ,ישראל,מגע המשי,יח',16.00,יח',0,לא ידוע,19.90,1.2437,1,1,8178
309,2020-01-05 07:30:14,7290108350500,1,*מבצע* סנובון מוצק ד,או או או יקה.דה.וא.ק,ישראל,סנובון,יח',3.00,יח',0,לא ידוע,9.90,3.3000,1,1,24956
310,2020-01-05 11:37:41,7290012404962,1,נקטר ספרינג פ.יער 1.,יפאורה תבורי,ישראל,ספרינג,ליטרים,1.25,ליטר    ,0,לא ידוע,10.90,8.7200,1,1,11470
311,2020-01-05 11:38:50,7290005425783,1,קרם גוף קרמה 500 מל,קוסמופארם,ישראל,קרמה,מיליליטרים,500.00,"100 מ""ל",0,לא ידוע,21.90,0.0438,1,1,38959
312,2020-01-05 11:38:58,7290013268464,1,קרם גוף קרמה 500 מל,קוסמופארם,ישראל,קרמה,מיליליטרים,500.00,"100 מ""ל",0,לא ידוע,21.90,0.0438,1,1,9484
313,2020-01-05 11:39:07,7290108355062,1,לחות עם קרטין נטורל,קוסמופארם,ישראל,נטורל פורמולה,מיליליטרים,400.00,"100 מ""ל",0,לא ידוע,29.90,0.0747,1,1,32555
314,2020-01-07 15:49:53,7290000175027,1,ממרחית 500 גרם,שטראוס גרופ,ישראל,עלית,גרמים,500.00,100 גרם,0,לא ידוע,10.90,0.0218,1,1,39838
315,2020-01-12 12:17:14,7290110325886,1,תנובה גו אייס קפה 25,תנובה,ישראל,משקאות חלב,מיליליטרים,250.00,"100 מ""ל",0,לא ידוע,5.80,0.0232,1,1,59907
316,2020-01-27 12:03:17,7290013579522,1,פילה טונה ללא עור 10,בין דין,ויטנאם,בלדי,גרמים,800.00,100 גרם,0,לא ידוע,44.90,0.0561,1,1,60025
317,2020-01-31 10:10:18,7290112968166,1,מטבוחה חריפה צבר 220,צבר,ישראל,מטבוחה חריפה צבר 220,גרמים,220.00,100 גרם,0,לא ידוע,10.90,0.0495,1,1,60090
318,2020-01-31 10:10:18,7290112968180,1,סלט פלפלים ירוקים חר,צבר,ישראל,סלט פלפלים ירוקים חר,גרמים,180.00,100 גרם,0,לא ידוע,10.90,0.0606,1,1,60091
319,2020-02-13 12:40:25,7290102392254,1,חלב בקרטון 1% 2 ליטר,טרה,ישראל,טרה,ליטרים,2.00,ליטר    ,0,לא ידוע,11.10,5.5500,1,1,15215
320,2020-02-16 07:59:11,7290000288727,1,מקסימה אבקה 1.250,סנו,ישראל,מקסימה,קילוגרמים,1.25,"ק""ג     ",0,לא ידוע,12.90,10.3200,1,1,38838
321,2020-02-16 11:24:22,7290000149615,1,סבון נקה מוצק רביעיה,"גליל כימיכלים בע""מ",ישראל,נקה 7,גרמים,400.00,100 גרם,0,לא ידוע,10.90,0.0273,1,1,38794
322,2020-02-16 11:24:30,7290108355277,1,נקה 7 שמפו +מרכך לגב,"אמיליה קוסמטיקס בע""מ",ישראל,נקה 7,מיליליטרים,750.00,"100 מ""ל",0,לא ידוע,9.90,0.0132,1,1,53842
323,2020-02-16 11:24:32,7290108356045,1,כיף רחצה גלידת סוכרי,קוסמופארם,ישראל,כיף,מיליליטרים,700.00,"100 מ""ל",0,לא ידוע,12.90,0.0184,1,1,54838
324,2020-02-16 11:24:49,7290012117275,1,סנוקליר שקית מילוי 7,סנו,ישראל,סנוקליר,מיליליטרים,750.00,"100 מ""ל",0,לא ידוע,5.90,0.0079,1,1,9424
325,2020-02-16 11:25:05,7290108355123,1,קרם גוף בייבי כיף 50,קוסמופארם,ישראל,כיף,מיליליטרים,500.00,"100 מ""ל",0,לא ידוע,24.90,0.0498,1,1,54274
326,2020-02-16 11:27:31,5010182998847,1,"דאק נוזל ים 750מ""ל",לא ידוע,לא ידוע,"דאק נוזל ים 750מ""ל",מיליליטרים,750.00,"100 מ""ל",0,לא ידוע,8.90,0.0119,1,1,24551
327,2020-02-16 12:43:17,835811000440,1,צלחות 1 ק``ג  *קרם *,אריזות מדף - פלזית,ישראל,הנמל,יח',66.00,יח',0,לא ידוע,19.90,0.3015,1,1,56097
328,2020-02-18 10:17:00,7290110326111,1,פיראוס יוגורט יווני,תנובה,ישראל,פיראוס,גרמים,148.00,100 גרם,0,לא ידוע,5.20,0.0351,1,1,60332
329,2020-02-27 14:00:12,7290112357175,1,קפסולות למכונת נספרס,שטראוס גרופ,ישראל,עלית,גרמים,50.00,100 גרם,0,לא ידוע,15.90,0.3180,1,1,61278
330,2020-03-01 08:19:35,7290011765392,1,"שמפו בוב ספוג 750 מ""",קוסמופארם,ישראל,כיף,מיליליטרים,750.00,"100 מ""ל",0,לא ידוע,9.90,0.0132,1,1,9381
331,2020-03-01 08:19:36,7290011765422,1,אלסבון בוב ספוג 750,קוסמופארם,ישראל,כיף,מיליליטרים,750.00,"100 מ""ל",0,לא ידוע,9.90,0.0132,1,1,9384
332,2020-03-08 12:15:07,7290000000790,1,תות שדה,לא ידוע,לא ידוע,תות שדה,יח',1.00,יח',0,לא ידוע,9.90,9.9000,1,1,24459
333,2020-03-09 13:20:08,7290013068699,1,*מבצע* שמן זית אליעד,אליעד,ישראל,אליעד בית בד בגולן,מיליליטרים,750.00,"100 מ""ל",0,לא ידוע,29.90,0.0399,1,1,19513
334,2020-03-15 11:00:00,7290003438853,1,אוליביה אריסה חריפה,לא ידוע,כללי,אוליביה אריסה חריפה 180 ג,גרמים,180.00,100 גרם,0,לא ידוע,12.90,0.0717,1,1,38574
335,2020-03-18 07:59:43,7290002277248,1,*מבצע* מון בלאן זעתר,שלושת האופים,ישראל,מון בלאן,גרמים,120.00,100 גרם,0,לא ידוע,8.90,0.0742,1,1,39702
336,2020-03-25 11:05:17,7290108505627,1,חטיף מנגו טבעי מיובש,ינטאי,סין,וילי פוד,גרמים,22.00,100 גרם,0,לא ידוע,8.90,0.4045,1,1,61855
337,2020-03-29 10:21:53,7290108357004,1,*מבצע* שמפו כיף ושמן,סנו,ישראל,*מבצע* שמפו כיף ושמן,מיליליטרים,700.00,"100 מ""ל",0,לא ידוע,9.90,0.0141,1,1,59953
338,2020-04-07 12:29:02,7290101113386,1,מאגדת יופלה יוגורט ו,"פלקו בע""מ",ישראל,מאגדת יופלה יוגורט ו,יח,5.00,יח,0,לא ידוע,19.90,3.9800,1,1,62065
339,2020-04-16 14:29:25,7290100704462,1,סוכר חום כהה לאפיה ב,"סוגת תעשיות בע""מ",ישראל,סוגת,קילוגרמים,1.00,"ק""ג     ",0,לא ידוע,14.90,14.9000,1,1,62094
340,2020-04-19 12:22:13,7290000103471,1,מיני ברוקולי 600ג,"סנפרוסט בע""מ",ישראל,סנפרוסט,גרמים,600.00,100 גרם,0,לא ידוע,15.90,0.0265,1,1,41006
341,2020-04-22 13:02:42,7290102399642,1,Muller Froop TROPICA,מילקו,ישראל,מולר,גרמים,150.00,100 גרם,0,לא ידוע,4.90,0.0327,1,1,62150
342,2020-04-23 15:00:06,7290112966469,1,בייגלה כפיות ים תיכו,אסם,ישראל,אסם,גרמים,300.00,100 גרם,0,לא ידוע,10.90,0.0363,1,1,62192
343,2020-05-03 10:02:15,4607109409619,1,טבליות פיניש 25 יח,RECKITT BENCKISER PR,פולין,פיניש,יח',25.00,יח',0,לא ידוע,24.90,0.9960,1,1,27342
344,2020-05-03 10:03:59,482562200560,1,אסטוניש מרסס מסיר שו,אסטוניש,אנגליה,אסטוניש,מיליליטרים,750.00,"100 מ""ל",0,לא ידוע,11.90,0.0159,1,1,11564
345,2020-05-03 10:40:54,7290000295572,1,אסלות 00 צמד,סנו,ישראל,OO,ליטרים,1.50,ליטר    ,0,לא ידוע,15.90,10.6000,1,1,38878
346,2020-05-03 10:40:57,7290005423055,1,סנו פורטה פלוס 1 ליט,סנו,ישראל,סנו פורטה פלוס 1 ליט,מיליליטרים,1000.00,"100 מ""ל",0,לא ידוע,14.90,0.0149,1,1,56000
347,2020-05-03 10:41:05,7290012117039,1,סנו 00 לאמבטיה 1 ל,סנו,ישראל,סנו,ליטרים,1.00,ליטר    ,0,לא ידוע,6.90,6.9000,1,1,9420
348,2020-05-03 10:41:06,7290012823565,1,מטליות ענק לחות לפרק,דינאמיק תעשיות,ישראל,פוליויקס,יח',10.00,יח',0,לא ידוע,14.90,1.4900,1,1,9455
349,2020-05-03 10:41:08,7290013269096,1,מטליות לחות למוצרי ע,טרופיקל דגיל קוסמטיק,ישראל,סנו,יח',20.00,יח',0,לא ידוע,18.90,0.9450,1,1,9507
350,2020-05-03 14:13:25,7290013531629,1,רוטב פומודורו יכין 2,זנלכל,ישראל,רוטב פסטה 260 גרם,גרמים,260.00,100 גרם,0,לא ידוע,4.50,0.0173,1,1,54111
351,2020-05-04 09:58:53,5202300043182,1,*מבצע* קולסטון 2000,פרוקטר אנד גמבל,גרמניה,Wella,מיליליטרים,60.00,"100 מ""ל",0,לא ידוע,16.90,0.2817,1,1,8567
352,2020-05-06 12:08:15,7290013145017,1,*מבצע* אגוז מלך קלוף,מימונס אפיה,ישראל,א.ל ייצור ושיווק תבלינים,גרמים,100.00,100 גרם,0,לא ידוע,10.90,0.1090,1,1,20240
353,2020-05-10 08:19:12,7290000554969,1,*מבצע* ג. שמנת 30% א,מחלבות גד,ישראל,מחלבות גד,קילוגרמים,1.00,"ק""ג",1,לא ידוע,35.00,35.0000,1,1,12664
354,2020-05-13 12:53:35,7290013268037,1,מרכך מקסימה מרוכז 1,סנו,ישראל,מקסימה,ליטרים,1.00,ליטר    ,0,לא ידוע,15.90,15.9000,1,1,9475
355,2020-05-13 12:53:36,7290108350616,1,מרכך מקסימה מרוכז 1,סנו,ישראל,מקסימה,ליטרים,1.00,ליטר    ,0,לא ידוע,15.90,15.9000,1,1,28511
356,2020-05-14 13:54:01,7290013269621,1,*מבצע* ריצפז פרש הום,סנו,ישראל,ריצפז,ליטרים,2.00,ליטר    ,0,לא ידוע,18.90,9.4500,1,1,53891
357,2020-05-14 13:54:02,7290014397767,1,*מבצע* ריצפז פרש הום,סנו,ישראל,ריצפז,ליטרים,2.00,ליטר    ,0,לא ידוע,18.90,9.4500,1,1,9593
358,2020-05-17 12:54:19,7290005271762,1,ביצי חופש 12 יח בינו,גליקסמן,ישראל,גליקסמן,יח',12.00,יח',0,לא ידוע,17.90,1.4917,1,1,41511
359,2020-05-17 16:48:07,7290108352351,1,תרסיס לחיטוי משטחים,סנו,ישראל,תרסיס לחיטוי משטחים,מיליליטרים,400.00,"100 מ""ל",0,לא ידוע,19.90,0.0497,1,1,62421
360,2020-05-17 16:48:08,7290108356281,1,כיף רחצה בניחוח אננס,קוסמופארם,ישראל,כיף,מיליליטרים,700.00,"100 מ""ל",0,לא ידוע,12.90,0.0184,1,1,62424
361,2020-05-17 16:48:08,7290108356328,1,כיף רחצה בניחוח ברגמ,קוסמופארם,ישראל,כיף,מיליליטרים,700.00,"100 מ""ל",0,לא ידוע,12.90,0.0184,1,1,62426
362,2020-05-19 11:38:31,7290102399857,1,Muller Active לייט י,מילקו,ישראל,מולר,מיליליטרים,200.00,"100 מ""ל",0,לא ידוע,5.90,0.0295,1,1,62432
363,2020-05-19 11:38:31,7290102399864,1,Muller Active לייט י,מילקו,ישראל,מולר,מיליליטרים,200.00,"100 מ""ל",0,לא ידוע,5.90,0.0295,1,1,62433
364,2020-05-20 11:31:22,7290112351104,1,שוקולד פרה פצפוצי או,שטראוס,ישראל,שוקולד פרה פצפוצי או,גרמים,100.00,100 גרם,0,לא ידוע,4.90,0.0490,1,1,62460
365,2020-05-24 16:37:39,8690526009346,1,שוקולד חלב 70 גרם,eti gida sanayi,תורכיה,ETI,גרמים,70.00,100 גרם,0,לא ידוע,4.90,0.0700,1,1,62522
366,2020-05-25 11:38:33,7290017239545,1,סלט איקרה ורודה 200,לא ידוע,לא ידוע,סלט איקרה ורודה 200,גרמים,200.00,100 גרם,0,לא ידוע,13.90,0.0695,1,1,62535
367,2020-05-26 09:04:46,4800888148957,1,*מבצע* דאו רקסונה רו,יוניליוור  פיליפינים,פיליפינים,REXONA,מיליליטרים,50.00,"100 מ""ל",0,לא ידוע,9.90,0.1980,1,1,16852
368,2020-05-26 09:04:46,96147610,1,*מבצע* דאב דאו רולאו,יוניליוור  פיליפינים,פיליפינים,DOVE,מיליליטרים,50.00,"100 מ""ל",0,לא ידוע,9.90,0.1980,1,1,60486
369,2020-05-26 09:04:58,8710447320662,1,*מבצע* דאב ספריי אפר,יונילוור ארגנטינה -,ארגנטינה,DOVE,מיליליטרים,150.00,"100 מ""ל",0,לא ידוע,9.90,0.0660,1,1,60487
370,2020-05-26 09:05:00,8710847898853,1,*מבצע* דאו רקסונה ספ,יונילוור ארגנטינה -,ארגנטינה,REXONA,מיליליטרים,150.00,"100 מ""ל",0,לא ידוע,9.90,0.0660,1,1,59121
371,2020-05-26 09:05:07,8717163676707,1,*מבצע* דאב ספריי,יונילוור ארגנטינה -,ארגנטינה,DOVE,מיליליטרים,150.00,"100 מ""ל",0,לא ידוע,9.90,0.0660,1,1,62285
372,2020-05-31 08:46:00,48256214758,1,*מבצע* אסטוניש אבקת,אסטוניש,אנגליה,אסטוניש,קילוגרמים,1.00,"ק""ג     ",0,לא ידוע,24.90,24.9000,1,1,11561
373,2020-05-31 08:46:41,5000159409179,1,*מבצע* סניקרס מיני 4,מרס,הולנד,מרס,גרמים,403.00,100 גרם,0,לא ידוע,17.90,0.0444,1,1,3405
374,2020-05-31 08:47:28,7290002541981,1,*מבצע* אלפרו סויה לל,ALPRO,בלגיה,אלפרו,ליטרים,1.00,ליטר    ,0,לא ידוע,10.90,10.9000,1,1,40731
375,2020-05-31 08:48:26,7290015781299,1,*מבצע* שיראז ויז'ן 7,יקב טפרברג,ישראל,טפרברג,מיליליטרים,750.00,"100 מ""ל",0,לא ידוע,29.90,0.0399,1,1,11759
376,2020-05-31 08:49:16,7290111931338,1,*מבצע* פלמוליב סבון,CP - Turkey+60,תורכיה,פלמוליב סבון,מיליליטרים,500.00,"100 מ""ל",0,לא ידוע,10.90,0.0218,1,1,37093
377,2020-05-31 08:50:10,8690637871047,1,*מבצע* דאב שמפו 600,יונילוור - תורכיה,תורכיה,DOVE,מיליליטרים,600.00,"100 מ""ל",0,לא ידוע,14.90,0.0248,1,1,53467
378,2020-05-31 10:45:37,4903001904192,1,"רוטב סויה 500 מ""ל יא",יאמאסה,יפן,"רוטב סויה 500 מ""ל",מיליליטרים,500.00,"100 מ""ל",0,לא ידוע,17.90,0.0358,1,1,12171
379,2020-05-31 10:45:42,7290006805850,1,תערובת לפנקייק פילסב,ג'נרל מילס,ישראל,פילסברי,גרמים,450.00,100 גרם,0,לא ידוע,16.90,0.0376,1,1,39566
380,2020-05-31 10:49:43,8690637799587,1,תה ירוק ארל גריי,יוניליוור,תורכיה,ליפטון,גרמים,30.00,100 גרם,0,לא ידוע,16.90,0.5633,1,1,28313
381,2020-05-31 10:51:22,7290100858608,1,קקאו עלית 500 גרם,שטראוס גרופ,ישראל,עלית,גרמים,500.00,100 גרם,0,לא ידוע,23.90,0.0478,1,1,13755
382,2020-05-31 11:04:00,7290017513782,1,FLIPZ - בייגלה מצופה,אולקר מקבוצת פלאדיס,תורכיה,פליפז,גרמים,140.00,100 גרם,0,לא ידוע,8.90,0.0636,1,1,62261
383,2020-05-31 11:11:54,7290002695486,1,בשר לחמין,כל הבשר,ישראל,כל הבשר,קילוגרמים,1.00,"ק""ג",1,לא ידוע,34.90,34.9000,1,1,49207
384,2020-05-31 11:45:28,4005900036445,1,דאורדורנט רול און אי,ביירסדורף,גרמניה,ניוואה,מיליליטרים,200.00,"100 מ""ל",0,לא ידוע,19.90,0.0995,1,1,54890
385,2020-05-31 11:45:32,4005900513045,1,דאורדורנט ספריי לגבר,ביירסדורף,גרמניה,ניוואה,מיליליטרים,150.00,"100 מ""ל",0,לא ידוע,18.90,0.1260,1,1,53541
386,2020-05-31 12:26:36,8076809523714,1,ברילה צ.מ טליאטלה 50,BARILLA,איטליה,ברילה,גרמים,500.00,100 גרם,0,לא ידוע,22.90,0.0458,1,1,18920
387,2020-06-01 08:51:23,7290107280723,1,סנו ספארק לכלים 700,סנו,ישראל,ספארק,מיליליטרים,700.00,"100 מ""ל",0,לא ידוע,8.90,0.0127,1,1,9685
388,2020-06-01 10:38:05,7290004130695,1,אייס קפה בקבוק 1 ליט,תנובה,ישראל,תנובה,ליטרים,1.00,ליטר    ,0,לא ידוע,12.50,12.5000,1,1,40608
389,2020-06-01 10:38:05,7290000058276,1,מאגדת קרלו מיני שמינ,תנובה,ישראל,קרלו,גרמים,800.00,100 גרם,0,לא ידוע,13.20,0.0165,1,1,42727
390,2020-06-01 10:38:06,7290004132514,1,משקה בננה בקבוק 1 לי,תנובה,ישראל,תנובה,ליטרים,1.00,ליטר    ,0,לא ידוע,11.90,11.9000,1,1,40621
391,2020-06-05 08:26:11,7290004147051,1,קיסמי שיניים וולטרס,לא ידוע,לא ידוע,קיסמי שיניים וולטרס,יח',1.00,יח',0,לא ידוע,9.90,9.9000,1,1,62727
392,2020-06-07 09:23:38,7290110325626,1,משקה שקדים ללס  1ליט,תנובה,ישראל,משקה שקדים ללס  1ליט,ליטרים,1.00,ליטר    ,0,לא ידוע,11.90,11.9000,1,1,62741
393,2020-06-08 15:21:47,7290004011291,1,*מבצע* בסיס להכנת קצ,ריץ',ארצות הברית,ריץ',מיליליטרים,425.00,"100 מ""ל",0,לא ידוע,9.90,0.0233,1,1,39761
394,2020-06-08 15:21:49,8001841006512,1,*מבצע* לנור כדוריות,פרוקטר אנד גמבל,ארצות הברית,לנור,גרמים,210.00,100 גרם,0,לא ידוע,24.90,0.1186,1,1,59178
395,2020-06-08 15:21:50,8001841312118,1,*מבצע* לנור כדוריות,פרוקטר אנד גמבל,ארצות הברית,לנור,גרמים,210.00,100 גרם,0,לא ידוע,24.90,0.1186,1,1,59180
396,2020-06-14 10:51:03,7290004194567,1,ירכיים מחפוד טרי ארו,לא ידוע,כללי,יריכיים עוף טרי ארוז מחפו,קילוגרמים,1.00,"ק""ג",1,לא ידוע,29.90,29.9000,1,1,49215
397,2020-06-15 11:38:10,7290112330994,1,שייק חלבון מי גבינה,מחלבת יטבתה,ישראל,שייק חלבון מי גבינה,מיליליטרים,350.00,"100 מ""ל",0,לא ידוע,7.90,0.0226,1,1,62792
398,2020-06-21 09:11:43,7290002057468,1,מלפפון בחומץ 10-12 5,קבוצת יבנה,ישראל,קבוצת יבנה,גרמים,540.00,100 גרם,0,לא ידוע,6.50,0.0120,1,1,40054
399,2020-06-21 14:00:10,7290111343858,1,מטליות לחות לניקוי ו,לא ידוע,ישראל,ניקול,יח,10.00,יח,0,לא ידוע,12.90,1.2900,1,1,62859
400,2020-06-24 10:25:44,7290000889979,1,קופון מי עדן ספורט 1,לא ידוע,לא ידוע,קופון מי עדן ספורט 1,יח,1.00,יח,0,לא ידוע,0.01,0.0100,1,1,62890
401,2020-06-24 14:50:57,7290002974116,1,קמח כפרי שטיבל 3 ל.צ,"שטיבל בע""מ",ישראל,שטיבל,קילוגרמים,1.00,"ק""ג     ",0,לא ידוע,8.90,8.9000,1,1,62902
402,2020-06-25 11:44:05,7290017088631,1,מגבוני תולי רביעיה ל,DPL,ישראל,תולי,יח',288.00,יח',0,לא ידוע,9.90,0.0344,1,1,62916
403,2020-07-01 10:46:48,7290014763401,1,משקה סויה ביו אפרסק,תנובה,ישראל,משקה סויה,מיליליטרים,236.00,"100 מ""ל",0,לא ידוע,4.90,0.0208,1,1,27566
404,2020-07-02 12:39:57,7290002814054,1,*מבצע* מתז אנטרטיק מ,"קומפלקס כימיקלים בע""",ישראל,סנט מוריץ,ליטרים,1.00,ליטר    ,0,לא ידוע,7.90,7.9000,1,1,57096
405,2020-07-05 08:03:15,7290001258101,1,*מבצע* גבינת גאודה 3,לא ידוע,כללי,גבינת גאודה 30%,קילוגרמים,1.00,"ק""ג",1,לא ידוע,80.00,80.0000,1,1,14225
406,2020-07-05 08:03:20,40000512943,1,*מבצע* אם אנד אמס שו,מרס,ארצות הברית,אמ אנד אמס,גרמים,303.00,100 גרם,0,לא ידוע,17.90,0.0591,1,1,37354
407,2020-07-05 08:03:25,835811004325,1,*מבצע* צלחות ונציה,לא ידוע,לא ידוע,*מבצע* צלחות ונציה,יח,10.00,יח,0,לא ידוע,7.90,0.7900,1,1,61841
408,2020-07-05 08:03:25,835811004349,1,*מבצע* צלחות ונציה ק,לא ידוע,לא ידוע,*מבצע* צלחות ונציה ק,יח,10.00,יח,0,לא ידוע,4.90,0.4900,1,1,61843
409,2020-07-05 08:03:38,4011800532024,1,*מבצע* קורני קראנצ'(,Schwartauer,גרמניה,קורני,גרמים,150.00,100 גרם,0,לא ידוע,8.90,0.0593,1,1,57791
410,2020-07-05 08:03:38,4011800536022,1,*מבצע* קורני קראנצ'(,Schwartauer,גרמניה,קורני,גרמים,150.00,100 גרם,0,לא ידוע,8.90,0.0593,1,1,57792
411,2020-07-05 08:04:01,7290000144825,1,*מבצע* שמן קנולה ברי,שמן תעשיות,ישראל,עץ הזית,ליטרים,1.00,ליטר    ,0,לא ידוע,12.90,12.9000,1,1,40213
412,2020-07-05 08:04:05,7290000208138,1,*מבצע* סירופ דיאט ענ,לא ידוע,לא ידוע,*מבצע* סירופ דיאט ענ,מיליליטרים,1000.00,"100 מ""ל",0,לא ידוע,6.90,0.0069,1,1,54150
413,2020-07-05 08:04:06,7290000209555,1,*מבצע* סירופ דיאט תפ,לא ידוע,לא ידוע,*מבצע* סירופ דיאט תפ,מיליליטרים,1000.00,"100 מ""ל",0,לא ידוע,6.90,0.0069,1,1,54152
414,2020-07-05 08:04:07,7290000209579,1,*מבצע* סירופ דיאט אנ,לא ידוע,לא ידוע,*מבצע* סירופ דיאט אנ,מיליליטרים,1000.00,"100 מ""ל",0,לא ידוע,6.90,0.0069,1,1,54153
415,2020-07-05 08:04:24,7290004731564,1,*מבצע* מקסימה למייבש,סנו,ישראל,סנו,מיליליטרים,750.00,"100 מ""ל",0,לא ידוע,14.90,0.0199,1,1,38917
416,2020-07-05 08:04:25,7290005423253,1,*מבצע* מקסימה למייבש,סנו,ישראל,סנו,מיליליטרים,750.00,"100 מ""ל",0,לא ידוע,14.90,0.0199,1,1,38926
417,2020-07-05 08:04:48,7290011964542,1,*מבצע* פפריקה מתוקה,"תבליני טעם וריח בע""מ",ישראל,"תבליני טעם וריח בע""מ",גרמים,400.00,100 גרם,0,לא ידוע,14.90,0.0373,1,1,20618
418,2020-07-05 08:04:49,7290011964566,1,*מבצע* גריל עוף מיכל,"תבליני טעם וריח בע""מ",ישראל,"תבליני טעם וריח בע""מ",גרמים,400.00,100 גרם,0,לא ידוע,14.90,0.0373,1,1,20620
419,2020-07-05 08:04:49,7290011964603,1,*מבצע* כורכום טחון מ,"תבליני טעם וריח בע""מ",ישראל,"תבליני טעם וריח בע""מ",גרמים,400.00,100 גרם,0,לא ידוע,14.90,0.0373,1,1,20622
420,2020-07-05 08:04:50,7290011964610,1,*מבצע* מלח לימון מיכ,"תבליני טעם וריח בע""מ",ישראל,"תבליני טעם וריח בע""מ",גרמים,700.00,100 גרם,0,לא ידוע,14.90,0.0213,1,1,20623
421,2020-07-05 08:05:03,7290013675545,1,*מבצע* שניצל כלי תחב,תנובה גליל,ישראל,מאמא עוף,גרמים,700.00,100 גרם,0,לא ידוע,29.90,0.0427,1,1,37223
422,2020-07-05 08:05:24,7290015781121,1,*מבצע* קברנה סוביניו,יקב טפרברג,ישראל,טפרברג,מיליליטרים,750.00,"100 מ""ל",0,לא ידוע,39.90,0.0532,1,1,11751
423,2020-07-05 08:05:24,7290015781138,1,*מבצע* שרדונה אימפרש,יקב טפרברג,ישראל,טפרברג,מיליליטרים,750.00,"100 מ""ל",0,לא ידוע,39.90,0.0532,1,1,11752
424,2020-07-05 08:05:26,7290015781282,1,*מבצע* יין גוורצטרמי,יקב טפרברג,ישראל,טפרברג,מיליליטרים,750.00,"100 מ""ל",0,לא ידוע,39.90,0.0532,1,1,11758
425,2020-07-05 08:05:34,7290016682021,1,*מבצע* מיץ ירוק עשב,פרי ניב,ישראל,פרי ניב,מיליליטרים,330.00,"100 מ""ל",0,לא ידוע,12.90,0.0391,1,1,28536
426,2020-07-05 08:05:42,7290017105369,1,*מבצע* סירופ דיאט אפ,לא ידוע,לא ידוע,*מבצע* סירופ דיאט אפ,מיליליטרים,1000.00,"100 מ""ל",0,לא ידוע,6.90,0.0069,1,1,56789
427,2020-07-05 08:06:02,7290102398669,1,*מבצע* אייס קפוצ'ינו,טרה,ישראל,טרה,ליטרים,1.00,ליטר    ,0,לא ידוע,9.90,9.9000,1,1,62147
428,2020-07-05 08:06:12,7290108351569,1,*מבצע* מקסימה למייבש,סנו,ישראל,סנו,מיליליטרים,750.00,"100 מ""ל",0,לא ידוע,14.90,0.0199,1,1,33196
429,2020-07-05 08:06:48,7290112495662,1,*מבצע* קרקר חיטה מלא,אפיפית - 3P Local Fo,ישראל,B&B,גרמים,300.00,100 גרם,0,לא ידוע,6.90,0.0230,1,1,60174
430,2020-07-05 08:06:51,7290112495785,1,*מבצע* רוטב שום לסלט,אתר חיפה ממרחים - Fo,ישראל,HELLMANNS,מיליליטרים,300.00,"100 מ""ל",0,לא ידוע,8.90,0.0297,1,1,60169
431,2020-07-05 08:07:09,8690637865596,1,*מבצע* דאב תרחיץ ידי,לא ידוע,לא ידוע,דאב,מיליליטרים,500.00,"100 מ""ל",0,לא ידוע,11.90,0.0238,1,1,56745
432,2020-07-05 10:04:32,7290000238173,1,*מבצע* בורקס גבינה,מעדנות,ישראל,מעדנות,גרמים,800.00,100 גרם,0,לא ידוע,14.90,0.0186,1,1,40969
433,2020-07-05 10:06:03,8410076620354,1,*מבצע* נייטשר וואלי,ג'נרל מילס,פורטוגל,*מבצע* נייטשר וואלי,גרמים,152.00,100 גרם,0,לא ידוע,14.90,0.0980,1,1,34267
434,2020-07-05 10:06:04,8410076620507,1,*מבצע* נייטשר וואלי,ג'נרל מילס,פורטוגל,*מבצע* נייטשר וואלי,גרמים,152.00,100 גרם,0,לא ידוע,14.90,0.0980,1,1,43598
435,2020-07-05 10:10:12,7290107646895,1,רוטב נפוליטנה קנור,יוניליוור,ישראל,רוטב נפוליטנה קנור,גרמים,415.00,100 גרם,0,לא ידוע,9.90,0.0239,1,1,34459
436,2020-07-05 10:10:16,7290112494153,1,תיבולית קנור,אתר חיפה אבקות - Foo,ישראל,KNORR,גרמים,72.00,100 גרם,0,לא ידוע,7.90,0.1097,1,1,59348
437,2020-07-05 10:16:01,7290006788443,1,"דאו רולאון 75 מ""ל","אמיליה קוסמטיקס בע""מ",ישראל,קרליין,מיליליטרים,75.00,"100 מ""ל",0,לא ידוע,11.90,0.1587,1,1,39018
438,2020-07-05 10:16:36,8718951334465,1,סופלין מרכך כביסה מר,cp,יוון,סופלין,ליטרים,1.30,ליטר    ,0,לא ידוע,17.90,13.7692,1,1,62509
439,2020-07-05 10:16:36,8718951335066,1,סופלין מרכך כביסה מר,cp,יוון,סופלין,ליטרים,1.30,ליטר    ,0,לא ידוע,17.90,13.7692,1,1,62510
440,2020-07-05 13:00:12,5014271002767,1,*מבצע* סאנט דלפור מנ,סאנטדלפור,צרפת,סאנטדלפור,גרמים,284.00,100 גרם,0,לא ידוע,14.90,0.0525,1,1,57755
441,2020-07-05 13:02:41,7290013847546,1,ס.ק  דל נתרן בשמן 16,"סטארקיסט פודור בע""מ",ישראל,סטארקיסט,גרמים,640.00,100 גרם,0,לא ידוע,24.90,0.0389,1,1,25835
442,2020-07-05 13:04:13,8004030177000,1,ריו מרה טונה בשמן זי,BOLTON GROUP- RIO,איטליה,ריו מרה,גרמים,240.00,100 גרם,0,לא ידוע,24.90,0.1037,1,1,37096
443,2020-07-06 12:55:01,5000204139617,1,*מבצע* דאק סבון מוצק,דאופלור אס.פי.אי כונ,איטליה,דאק,גרמים,30.00,100 גרם,0,לא ידוע,4.90,0.1633,1,1,59659
444,2020-07-06 12:55:02,7290000174099,1,*מבצע* וופל שוקו 500,שטראוס גרופ,ישראל,עלית,גרמים,500.00,100 גרם,0,לא ידוע,9.90,0.0198,1,1,39836
445,2020-07-06 14:28:35,7290008330381,1,*מבצע* בדין דפי מרכך,"קלינטסט - 3p ארה""ב",ארצות הברית,BADIN,יח',40.00,יח',0,לא ידוע,12.90,0.3225,1,1,16833
446,2020-07-06 14:28:35,7290008330398,1,*מבצע* בדין דפי מרכך,"קלינטסט - 3p ארה""ב",ארצות הברית,BADIN,יח',40.00,יח',0,לא ידוע,12.90,0.3225,1,1,16834
447,2020-07-06 14:28:35,7290100240137,1,*מבצע* בדין תרסיס מי,זוהר דליה - 3P Local,ישראל,BADIN,מיליליטרים,500.00,"100 מ""ל",0,לא ידוע,12.90,0.0258,1,1,16889
448,2020-07-06 14:28:42,8711700796712,1,*מבצע* אקס ג'ל רחצה,יוניליוור גרמניה (בו,גרמניה,AXE,מיליליטרים,400.00,"100 מ""ל",0,לא ידוע,7.90,0.0198,1,1,17070
449,2020-07-06 16:44:35,7290008804189,1,*מבצע* קברנה סדרה אז,יקבי כרמל,ישראל,גליל עליון,מיליליטרים,750.00,"100 מ""ל",0,לא ידוע,49.90,0.0665,1,1,38533
450,2020-07-07 11:47:28,77975010167,1,*מבצע* מקלוני חיטה ב,סניידרס,ארצות הברית,סניידרס,גרמים,340.00,100 גרם,0,לא ידוע,13.90,0.0409,1,1,35171
451,2020-07-08 12:21:40,7290106663503,1,*מבצע* קונפיטורה ליי,"בית אל מזון בע""מ",ישראל,יד מרדכי,גרמים,230.00,100 גרם,0,לא ידוע,10.90,0.0474,1,1,14043
452,2020-07-08 12:21:50,7290110563929,1,*מבצע* אנרג'י חטיפי,שטראוס,ישראל,אנרגי,גרמים,144.00,100 גרם,0,לא ידוע,10.90,0.0757,1,1,37662
453,2020-07-09 08:01:03,7290013361981,1,*מבצע* ציפס קיטרינג,"פרי הגליל בע""""מ",ישראל,פרי הגליל,קילוגרמים,2.00,"ק""ג     ",0,לא ידוע,18.90,9.4500,1,1,14389
454,2020-07-09 08:01:03,7290013361998,1,*מבצע* סטייק ציפס 2,"פרי הגליל בע""""מ",ישראל,פרי הגליל,קילוגרמים,2.00,"ק""ג     ",0,לא ידוע,18.90,9.4500,1,1,14390
455,2020-07-09 08:01:03,7290015005548,1,*מבצע* ציפס זיג זג 2,"פרי הגליל בע""""מ",ישראל,פרי הגליל,קילוגרמים,2.00,"ק""ג     ",0,לא ידוע,18.90,9.4500,1,1,33835
456,2020-07-12 15:32:51,8692952157165,1,מאג וואלה זכוכית 300,לא ידוע,לא ידוע,מאג וואלה זכוכית 300,יח',1.00,יח',0,לא ידוע,7.90,7.9000,1,1,63072
457,2020-07-14 16:05:24,7290000556291,1,קופון אפליקציה סבון,לא ידוע,לא ידוע,קופון אפליקציה סבון,יח,1.00,יח,0,לא ידוע,0.01,0.0100,1,1,63099
458,2020-07-14 16:05:24,7290000545882,1,קופון אפליקציה מולר,לא ידוע,לא ידוע,קופון אפליקציה מולר,יח,1.00,יח,0,לא ידוע,0.01,0.0100,1,1,63100
459,2020-07-16 17:04:20,7290000319131,1,*מבצע* נקניקיות עוף,מעדני יחיעם,ישראל,יחיעם,גרמים,400.00,100 גרם,0,לא ידוע,9.90,0.0248,1,1,41540
460,2020-07-19 09:54:00,7290005426964,1,*מבצע* סנובון כחול ש,סנו,ישראל,סנובון,גרמים,165.00,100 גרם,0,לא ידוע,12.90,0.0782,1,1,38971
461,2020-07-19 10:39:10,7290102398782,1,משקה סויה קלאסי משק,ואל סויה,איטליה,משק,ליטרים,1.00,ליטר    ,0,לא ידוע,10.90,10.9000,1,1,60333
462,2020-07-19 10:39:10,7290102398799,1,משקה סויה במתיקות מו,ואל סויה,איטליה,משק,ליטרים,1.00,ליטר    ,0,לא ידוע,10.90,10.9000,1,1,60334
463,2020-07-19 15:56:57,7290013145246,1,*מבצע* גרעין חמנייה,מימונס אפיה,ישראל,א.ל ייצור ושיווק תבלינים,גרמים,100.00,100 גרם,0,לא ידוע,5.30,0.0530,1,1,20256
464,2020-07-20 08:30:41,7290110321604,1,פיראוס בולגרית קוביו,תנובה,ישראל,פיראוס,גרמים,200.00,100 גרם,0,לא ידוע,19.90,0.0995,1,1,37835
465,2020-07-20 08:30:41,7290004135614,1,פיראוס בולגרית מעודנ,תנובה,ישראל,פיראוס,גרמים,250.00,100 גרם,0,לא ידוע,20.90,0.0836,1,1,40638
